{
  "ABIRoot": {
    "kind": "Root",
    "name": "AdMixerMediationAdFit",
    "printedName": "AdMixerMediationAdFit",
    "children": [
      {
        "kind": "Import",
        "name": "UIKit",
        "printedName": "UIKit",
        "declKind": "Import",
        "moduleName": "AdMixerMediationAdFit"
      },
      {
        "kind": "Import",
        "name": "AdMixerMediation",
        "printedName": "AdMixerMediation",
        "declKind": "Import",
        "moduleName": "AdMixerMediationAdFit"
      },
      {
        "kind": "TypeDecl",
        "name": "AdFitAdapter",
        "printedName": "AdFitAdapter",
        "children": [
          {
            "kind": "Function",
            "name": "loadBannerAd",
            "printedName": "loadBannerAd(bannerAdConfiguration:bannerHandler:)",
            "children": [
              {
                "kind": "TypeNominal",
                "name": "Void",
                "printedName": "()"
              },
              {
                "kind": "TypeNominal",
                "name": "BannerConfiguration",
                "printedName": "AdMixerMediation.BannerConfiguration",
                "usr": "s:16AdMixerMediation19BannerConfigurationC"
              },
              {
                "kind": "TypeNominal",
                "name": "BannerHandler",
                "printedName": "any AdMixerMediation.BannerHandler",
                "usr": "s:16AdMixerMediation13BannerHandlerP"
              }
            ],
            "declKind": "Func",
            "usr": "s:016AdMixerMediationA3Fit0aD7AdapterC010loadBannerA006bannerA13Configuration0H7Handlery0abC00gI0C_AG0gJ0_ptF",
            "mangledName": "$s016AdMixerMediationA3Fit0aD7AdapterC010loadBannerA006bannerA13Configuration0H7Handlery0abC00gI0C_AG0gJ0_ptF",
            "moduleName": "AdMixerMediationAdFit",
            "overriding": true,
            "declAttributes": [
              "Override",
              "AccessControl"
            ],
            "funcSelfKind": "NonMutating"
          },
          {
            "kind": "Function",
            "name": "loadInterstitialAd",
            "printedName": "loadInterstitialAd(bannerAdConfiguration:interstitialHandler:)",
            "children": [
              {
                "kind": "TypeNominal",
                "name": "Void",
                "printedName": "()"
              },
              {
                "kind": "TypeNominal",
                "name": "BannerConfiguration",
                "printedName": "AdMixerMediation.BannerConfiguration",
                "usr": "s:16AdMixerMediation19BannerConfigurationC"
              },
              {
                "kind": "TypeNominal",
                "name": "InterstitialHandler",
                "printedName": "any AdMixerMediation.InterstitialHandler",
                "usr": "s:16AdMixerMediation19InterstitialHandlerP"
              }
            ],
            "declKind": "Func",
            "usr": "s:016AdMixerMediationA3Fit0aD7AdapterC016loadInterstitialA006bannerA13Configuration19interstitialHandlery0abC006BannerI0C_AG0gK0_ptF",
            "mangledName": "$s016AdMixerMediationA3Fit0aD7AdapterC016loadInterstitialA006bannerA13Configuration19interstitialHandlery0abC006BannerI0C_AG0gK0_ptF",
            "moduleName": "AdMixerMediationAdFit",
            "overriding": true,
            "declAttributes": [
              "Override",
              "AccessControl"
            ],
            "funcSelfKind": "NonMutating"
          },
          {
            "kind": "Function",
            "name": "loadNativeAd",
            "printedName": "loadNativeAd(nativeConfiguration:nativeHandler:)",
            "children": [
              {
                "kind": "TypeNominal",
                "name": "Void",
                "printedName": "()"
              },
              {
                "kind": "TypeNominal",
                "name": "NativeConfiguration",
                "printedName": "AdMixerMediation.NativeConfiguration",
                "usr": "s:16AdMixerMediation19NativeConfigurationC"
              },
              {
                "kind": "TypeNominal",
                "name": "NativeHandler",
                "printedName": "any AdMixerMediation.NativeHandler",
                "usr": "s:16AdMixerMediation13NativeHandlerP"
              }
            ],
            "declKind": "Func",
            "usr": "s:016AdMixerMediationA3Fit0aD7AdapterC010loadNativeA019nativeConfiguration0H7Handlery0abC00gI0C_AG0gJ0_ptF",
            "mangledName": "$s016AdMixerMediationA3Fit0aD7AdapterC010loadNativeA019nativeConfiguration0H7Handlery0abC00gI0C_AG0gJ0_ptF",
            "moduleName": "AdMixerMediationAdFit",
            "overriding": true,
            "declAttributes": [
              "Override",
              "AccessControl"
            ],
            "funcSelfKind": "NonMutating"
          },
          {
            "kind": "Constructor",
            "name": "init",
            "printedName": "init()",
            "children": [
              {
                "kind": "TypeNominal",
                "name": "AdFitAdapter",
                "printedName": "AdMixerMediationAdFit.AdFitAdapter",
                "usr": "c:@M@AdMixerMediationAdFit@objc(cs)AdFitAdapter"
              }
            ],
            "declKind": "Constructor",
            "usr": "c:@M@AdMixerMediationAdFit@objc(cs)AdFitAdapter(im)init",
            "mangledName": "$s016AdMixerMediationA3Fit0aD7AdapterCACycfc",
            "moduleName": "AdMixerMediationAdFit",
            "overriding": true,
            "implicit": true,
            "objc_name": "init",
            "declAttributes": [
              "Dynamic",
              "ObjC",
              "Required"
            ],
            "init_kind": "Designated"
          }
        ],
        "declKind": "Class",
        "usr": "c:@M@AdMixerMediationAdFit@objc(cs)AdFitAdapter",
        "mangledName": "$s016AdMixerMediationA3Fit0aD7AdapterC",
        "moduleName": "AdMixerMediationAdFit",
        "declAttributes": [
          "AccessControl",
          "ObjC"
        ],
        "superclassUsr": "c:@M@AdMixerMediation@objc(cs)Adapter",
        "inheritsConvenienceInitializers": true,
        "superclassNames": [
          "AdMixerMediation.Adapter",
          "ObjectiveC.NSObject"
        ],
        "conformances": [
          {
            "kind": "Conformance",
            "name": "Copyable",
            "printedName": "Copyable",
            "usr": "s:s8CopyableP",
            "mangledName": "$ss8CopyableP"
          },
          {
            "kind": "Conformance",
            "name": "Escapable",
            "printedName": "Escapable",
            "usr": "s:s9EscapableP",
            "mangledName": "$ss9EscapableP"
          },
          {
            "kind": "Conformance",
            "name": "Equatable",
            "printedName": "Equatable",
            "usr": "s:SQ",
            "mangledName": "$sSQ"
          },
          {
            "kind": "Conformance",
            "name": "Hashable",
            "printedName": "Hashable",
            "usr": "s:SH",
            "mangledName": "$sSH"
          },
          {
            "kind": "Conformance",
            "name": "CVarArg",
            "printedName": "CVarArg",
            "usr": "s:s7CVarArgP",
            "mangledName": "$ss7CVarArgP"
          },
          {
            "kind": "Conformance",
            "name": "_KeyValueCodingAndObservingPublishing",
            "printedName": "_KeyValueCodingAndObservingPublishing",
            "usr": "s:10Foundation37_KeyValueCodingAndObservingPublishingP",
            "mangledName": "$s10Foundation37_KeyValueCodingAndObservingPublishingP"
          },
          {
            "kind": "Conformance",
            "name": "_KeyValueCodingAndObserving",
            "printedName": "_KeyValueCodingAndObserving",
            "usr": "s:10Foundation27_KeyValueCodingAndObservingP",
            "mangledName": "$s10Foundation27_KeyValueCodingAndObservingP"
          },
          {
            "kind": "Conformance",
            "name": "CustomStringConvertible",
            "printedName": "CustomStringConvertible",
            "usr": "s:s23CustomStringConvertibleP",
            "mangledName": "$ss23CustomStringConvertibleP"
          },
          {
            "kind": "Conformance",
            "name": "CustomDebugStringConvertible",
            "printedName": "CustomDebugStringConvertible",
            "usr": "s:s28CustomDebugStringConvertibleP",
            "mangledName": "$ss28CustomDebugStringConvertibleP"
          }
        ]
      },
      {
        "kind": "Import",
        "name": "Foundation",
        "printedName": "Foundation",
        "declKind": "Import",
        "moduleName": "AdMixerMediationAdFit",
        "declAttributes": [
          "RawDocComment"
        ]
      },
      {
        "kind": "Import",
        "name": "AdMixerMediation",
        "printedName": "AdMixerMediation",
        "declKind": "Import",
        "moduleName": "AdMixerMediationAdFit"
      },
      {
        "kind": "Import",
        "name": "AdFitSDK",
        "printedName": "AdFitSDK",
        "declKind": "Import",
        "moduleName": "AdMixerMediationAdFit"
      },
      {
        "kind": "TypeDecl",
        "name": "AdFitBannerAd",
        "printedName": "AdFitBannerAd",
        "children": [
          {
            "kind": "Constructor",
            "name": "init",
            "printedName": "init(bannerAdConfiguration:bannerHandler:)",
            "children": [
              {
                "kind": "TypeNominal",
                "name": "AdFitBannerAd",
                "printedName": "AdMixerMediationAdFit.AdFitBannerAd",
                "usr": "c:@M@AdMixerMediationAdFit@objc(cs)AdFitBannerAd"
              },
              {
                "kind": "TypeNominal",
                "name": "BannerConfiguration",
                "printedName": "AdMixerMediation.BannerConfiguration",
                "usr": "s:16AdMixerMediation19BannerConfigurationC"
              },
              {
                "kind": "TypeNominal",
                "name": "BannerHandler",
                "printedName": "any AdMixerMediation.BannerHandler",
                "usr": "s:16AdMixerMediation13BannerHandlerP"
              }
            ],
            "declKind": "Constructor",
            "usr": "s:016AdMixerMediationA3Fit0ad6BannerA0C06bannerA13Configuration0F7HandlerAC0abC00eG0C_AF0eH0_ptcfc",
            "mangledName": "$s016AdMixerMediationA3Fit0ad6BannerA0C06bannerA13Configuration0F7HandlerAC0abC00eG0C_AF0eH0_ptcfc",
            "moduleName": "AdMixerMediationAdFit",
            "declAttributes": [
              "AccessControl"
            ],
            "init_kind": "Designated"
          },
          {
            "kind": "Function",
            "name": "render",
            "printedName": "render()",
            "children": [
              {
                "kind": "TypeNominal",
                "name": "Void",
                "printedName": "()"
              }
            ],
            "declKind": "Func",
            "usr": "s:016AdMixerMediationA3Fit0ad6BannerA0C6renderyyF",
            "mangledName": "$s016AdMixerMediationA3Fit0ad6BannerA0C6renderyyF",
            "moduleName": "AdMixerMediationAdFit",
            "declAttributes": [
              "AccessControl"
            ],
            "funcSelfKind": "NonMutating"
          },
          {
            "kind": "Function",
            "name": "view",
            "printedName": "view()",
            "children": [
              {
                "kind": "TypeNominal",
                "name": "UIView",
                "printedName": "UIKit.UIView",
                "usr": "c:objc(cs)UIView"
              }
            ],
            "declKind": "Func",
            "usr": "s:016AdMixerMediationA3Fit0ad6BannerA0C4viewSo6UIViewCyF",
            "mangledName": "$s016AdMixerMediationA3Fit0ad6BannerA0C4viewSo6UIViewCyF",
            "moduleName": "AdMixerMediationAdFit",
            "declAttributes": [
              "AccessControl"
            ],
            "funcSelfKind": "NonMutating"
          },
          {
            "kind": "Constructor",
            "name": "init",
            "printedName": "init()",
            "children": [
              {
                "kind": "TypeNominal",
                "name": "AdFitBannerAd",
                "printedName": "AdMixerMediationAdFit.AdFitBannerAd",
                "usr": "c:@M@AdMixerMediationAdFit@objc(cs)AdFitBannerAd"
              }
            ],
            "declKind": "Constructor",
            "usr": "c:@M@AdMixerMediationAdFit@objc(cs)AdFitBannerAd(im)init",
            "mangledName": "$s016AdMixerMediationA3Fit0ad6BannerA0CACycfc",
            "moduleName": "AdMixerMediationAdFit",
            "overriding": true,
            "implicit": true,
            "objc_name": "init",
            "declAttributes": [
              "Dynamic",
              "ObjC",
              "Override"
            ],
            "init_kind": "Designated"
          },
          {
            "kind": "Function",
            "name": "adViewDidReceiveAd",
            "printedName": "adViewDidReceiveAd(_:)",
            "children": [
              {
                "kind": "TypeNominal",
                "name": "Void",
                "printedName": "()"
              },
              {
                "kind": "TypeNominal",
                "name": "AdFitBannerAdView",
                "printedName": "AdFitSDK.AdFitBannerAdView",
                "usr": "c:@M@AdFitSDK@objc(cs)AdFitBannerAdView"
              }
            ],
            "declKind": "Func",
            "usr": "c:@CM@AdMixerMediationAdFit@objc(cs)AdFitBannerAd(im)adViewDidReceiveAd:",
            "mangledName": "$s016AdMixerMediationA3Fit0ad6BannerA0C016adViewDidReceiveA0yy0aD3SDK0adeaG0CF",
            "moduleName": "AdMixerMediationAdFit",
            "objc_name": "adViewDidReceiveAd:",
            "declAttributes": [
              "Dynamic",
              "ObjC",
              "AccessControl"
            ],
            "isFromExtension": true,
            "funcSelfKind": "NonMutating"
          },
          {
            "kind": "Function",
            "name": "adViewDidFailToReceiveAd",
            "printedName": "adViewDidFailToReceiveAd(_:error:)",
            "children": [
              {
                "kind": "TypeNominal",
                "name": "Void",
                "printedName": "()"
              },
              {
                "kind": "TypeNominal",
                "name": "AdFitBannerAdView",
                "printedName": "AdFitSDK.AdFitBannerAdView",
                "usr": "c:@M@AdFitSDK@objc(cs)AdFitBannerAdView"
              },
              {
                "kind": "TypeNominal",
                "name": "Error",
                "printedName": "any Swift.Error",
                "usr": "s:s5ErrorP"
              }
            ],
            "declKind": "Func",
            "usr": "c:@CM@AdMixerMediationAdFit@objc(cs)AdFitBannerAd(im)adViewDidFailToReceiveAd:error:",
            "mangledName": "$s016AdMixerMediationA3Fit0ad6BannerA0C022adViewDidFailToReceiveA0_5errory0aD3SDK0adeaG0C_s5Error_ptF",
            "moduleName": "AdMixerMediationAdFit",
            "objc_name": "adViewDidFailToReceiveAd:error:",
            "declAttributes": [
              "Dynamic",
              "ObjC",
              "AccessControl"
            ],
            "isFromExtension": true,
            "funcSelfKind": "NonMutating"
          },
          {
            "kind": "Function",
            "name": "adViewDidClickAd",
            "printedName": "adViewDidClickAd(_:)",
            "children": [
              {
                "kind": "TypeNominal",
                "name": "Void",
                "printedName": "()"
              },
              {
                "kind": "TypeNominal",
                "name": "AdFitBannerAdView",
                "printedName": "AdFitSDK.AdFitBannerAdView",
                "usr": "c:@M@AdFitSDK@objc(cs)AdFitBannerAdView"
              }
            ],
            "declKind": "Func",
            "usr": "c:@CM@AdMixerMediationAdFit@objc(cs)AdFitBannerAd(im)adViewDidClickAd:",
            "mangledName": "$s016AdMixerMediationA3Fit0ad6BannerA0C014adViewDidClickA0yy0aD3SDK0adeaG0CF",
            "moduleName": "AdMixerMediationAdFit",
            "objc_name": "adViewDidClickAd:",
            "declAttributes": [
              "Dynamic",
              "ObjC",
              "AccessControl"
            ],
            "isFromExtension": true,
            "funcSelfKind": "NonMutating"
          }
        ],
        "declKind": "Class",
        "usr": "c:@M@AdMixerMediationAdFit@objc(cs)AdFitBannerAd",
        "mangledName": "$s016AdMixerMediationA3Fit0ad6BannerA0C",
        "moduleName": "AdMixerMediationAdFit",
        "declAttributes": [
          "AccessControl",
          "ObjC"
        ],
        "superclassUsr": "c:objc(cs)NSObject",
        "superclassNames": [
          "ObjectiveC.NSObject"
        ],
        "conformances": [
          {
            "kind": "Conformance",
            "name": "BannerAd",
            "printedName": "BannerAd",
            "usr": "s:16AdMixerMediation06BannerA0P",
            "mangledName": "$s16AdMixerMediation06BannerA0P"
          },
          {
            "kind": "Conformance",
            "name": "Copyable",
            "printedName": "Copyable",
            "usr": "s:s8CopyableP",
            "mangledName": "$ss8CopyableP"
          },
          {
            "kind": "Conformance",
            "name": "Escapable",
            "printedName": "Escapable",
            "usr": "s:s9EscapableP",
            "mangledName": "$ss9EscapableP"
          },
          {
            "kind": "Conformance",
            "name": "Equatable",
            "printedName": "Equatable",
            "usr": "s:SQ",
            "mangledName": "$sSQ"
          },
          {
            "kind": "Conformance",
            "name": "Hashable",
            "printedName": "Hashable",
            "usr": "s:SH",
            "mangledName": "$sSH"
          },
          {
            "kind": "Conformance",
            "name": "CVarArg",
            "printedName": "CVarArg",
            "usr": "s:s7CVarArgP",
            "mangledName": "$ss7CVarArgP"
          },
          {
            "kind": "Conformance",
            "name": "_KeyValueCodingAndObservingPublishing",
            "printedName": "_KeyValueCodingAndObservingPublishing",
            "usr": "s:10Foundation37_KeyValueCodingAndObservingPublishingP",
            "mangledName": "$s10Foundation37_KeyValueCodingAndObservingPublishingP"
          },
          {
            "kind": "Conformance",
            "name": "_KeyValueCodingAndObserving",
            "printedName": "_KeyValueCodingAndObserving",
            "usr": "s:10Foundation27_KeyValueCodingAndObservingP",
            "mangledName": "$s10Foundation27_KeyValueCodingAndObservingP"
          },
          {
            "kind": "Conformance",
            "name": "CustomStringConvertible",
            "printedName": "CustomStringConvertible",
            "usr": "s:s23CustomStringConvertibleP",
            "mangledName": "$ss23CustomStringConvertibleP"
          },
          {
            "kind": "Conformance",
            "name": "CustomDebugStringConvertible",
            "printedName": "CustomDebugStringConvertible",
            "usr": "s:s28CustomDebugStringConvertibleP",
            "mangledName": "$ss28CustomDebugStringConvertibleP"
          },
          {
            "kind": "Conformance",
            "name": "AdFitBannerAdViewDelegate",
            "printedName": "AdFitBannerAdViewDelegate",
            "usr": "c:@M@AdFitSDK@objc(pl)AdFitBannerAdViewDelegate",
            "mangledName": "$s8AdFitSDK0ab6BannerA12ViewDelegateP"
          }
        ]
      },
      {
        "kind": "Import",
        "name": "Foundation",
        "printedName": "Foundation",
        "declKind": "Import",
        "moduleName": "AdMixerMediationAdFit",
        "declAttributes": [
          "RawDocComment"
        ]
      },
      {
        "kind": "Import",
        "name": "AdMixerMediation",
        "printedName": "AdMixerMediation",
        "declKind": "Import",
        "moduleName": "AdMixerMediationAdFit"
      },
      {
        "kind": "Import",
        "name": "AdFitSDK",
        "printedName": "AdFitSDK",
        "declKind": "Import",
        "moduleName": "AdMixerMediationAdFit"
      },
      {
        "kind": "Import",
        "name": "UIKit",
        "printedName": "UIKit",
        "declKind": "Import",
        "moduleName": "AdMixerMediationAdFit",
        "declAttributes": [
          "RawDocComment"
        ]
      },
      {
        "kind": "Import",
        "name": "AdMixerMediation",
        "printedName": "AdMixerMediation",
        "declKind": "Import",
        "moduleName": "AdMixerMediationAdFit"
      },
      {
        "kind": "Import",
        "name": "AdMixer",
        "printedName": "AdMixer",
        "declKind": "Import",
        "moduleName": "AdMixerMediationAdFit"
      },
      {
        "kind": "Import",
        "name": "AdFitSDK",
        "printedName": "AdFitSDK",
        "declKind": "Import",
        "moduleName": "AdMixerMediationAdFit"
      },
      {
        "kind": "Import",
        "name": "Foundation",
        "printedName": "Foundation",
        "declKind": "Import",
        "moduleName": "AdMixerMediationAdFit",
        "declAttributes": [
          "RawDocComment"
        ]
      },
      {
        "kind": "Import",
        "name": "AdMixerMediation",
        "printedName": "AdMixerMediation",
        "declKind": "Import",
        "moduleName": "AdMixerMediationAdFit"
      },
      {
        "kind": "Import",
        "name": "AdFitSDK",
        "printedName": "AdFitSDK",
        "declKind": "Import",
        "moduleName": "AdMixerMediationAdFit"
      },
      {
        "kind": "Import",
        "name": "UIKit",
        "printedName": "UIKit",
        "declKind": "Import",
        "moduleName": "AdMixerMediationAdFit",
        "declAttributes": [
          "RawDocComment"
        ]
      },
      {
        "kind": "Import",
        "name": "AdFitSDK",
        "printedName": "AdFitSDK",
        "declKind": "Import",
        "moduleName": "AdMixerMediationAdFit"
      },
      {
        "kind": "Import",
        "name": "Foundation",
        "printedName": "Foundation",
        "declKind": "Import",
        "moduleName": "AdMixerMediationAdFit",
        "declAttributes": [
          "RawDocComment"
        ]
      },
      {
        "kind": "Import",
        "name": "UIKit",
        "printedName": "UIKit",
        "declKind": "Import",
        "moduleName": "AdMixerMediationAdFit"
      },
      {
        "kind": "Import",
        "name": "Foundation",
        "printedName": "Foundation",
        "declKind": "Import",
        "moduleName": "AdMixerMediationAdFit",
        "declAttributes": [
          "RawDocComment"
        ]
      },
      {
        "kind": "Import",
        "name": "os.log",
        "printedName": "os.log",
        "declKind": "Import",
        "moduleName": "AdMixerMediationAdFit"
      },
      {
        "kind": "Import",
        "name": "AdMixerMediation",
        "printedName": "AdMixerMediation",
        "declKind": "Import",
        "moduleName": "AdMixerMediationAdFit"
      },
      {
        "kind": "Import",
        "name": "UIKit",
        "printedName": "UIKit",
        "declKind": "Import",
        "moduleName": "AdMixerMediationAdFit",
        "declAttributes": [
          "RawDocComment"
        ]
      }
    ],
    "json_format_version": 8
  },
  "ConstValues": [
    {
      "filePath": "\/Users\/iosnasmedia\/Desktop\/JSYWorkSpace\/iOS-AdMixerMediation\/AdMixerMediationAdFit\/Classes\/Utils\/ImageResource.swift",
      "kind": "Array",
      "offset": 195,
      "length": 19481,
      "value": "[137, 80, 78, 71, 13, 10, 26, 10, 0, 0, 0, 13, 73, 72, 68, 82, 0, 0, 0, 72, 0, 0, 0, 72, 8, 0, 0, 0, 0, 112, 134, 236, 155, 0, 0, 13, 4, 105, 67, 67, 80, 107, 67, 71, 67, 111, 108, 111, 114, 83, 112, 97, 99, 101, 71, 101, 110, 101, 114, 105, 99, 71, 114, 97, 121, 71, 97, 109, 109, 97, 50, 95, 50, 0, 0, 88, 133, 165, 87, 7, 92, 147, 215, 22, 191, 223, 200, 0, 146, 176, 167, 140, 176, 145, 101, 64, 129, 0, 50, 34, 51, 128, 236, 33, 184, 136, 73, 32, 129, 16, 98, 6, 2, 226, 66, 138, 21, 172, 91, 28, 56, 42, 42, 138, 90, 92, 21, 129, 58, 81, 139, 86, 234, 198, 173, 15, 106, 169, 160, 212, 98, 45, 46, 172, 190, 155, 4, 16, 171, 237, 123, 239, 247, 190, 252, 238, 119, 255, 223, 61, 231, 220, 115, 206, 61, 231, 158, 123, 3, 128, 238, 70, 142, 68, 34, 66, 1, 0, 121, 98, 185, 52, 34, 145, 149, 62, 41, 61, 131, 78, 186, 7, 200, 192, 24, 104, 3, 119, 160, 205, 225, 202, 36, 172, 248, 248, 24, 200, 2, 196, 249, 98, 62, 248, 228, 121, 113, 3, 32, 202, 254, 154, 155, 114, 174, 79, 233, 255, 248, 16, 120, 124, 25, 23, 246, 39, 97, 43, 226, 201, 184, 121, 0, 32, 227, 1, 32, 155, 113, 37, 82, 57, 0, 26, 147, 224, 184, 237, 44, 185, 68, 137, 75, 32, 54, 200, 77, 78, 12, 129, 120, 57, 228, 161, 12, 202, 42, 31, 171, 8, 190, 152, 47, 21, 114, 233, 17, 82, 78, 17, 61, 130, 147, 151, 199, 161, 123, 186, 123, 210, 227, 165, 249, 89, 66, 209, 103, 172, 254, 127, 159, 60, 145, 98, 88, 55, 108, 20, 89, 110, 82, 52, 236, 221, 161, 253, 101, 60, 78, 168, 18, 251, 65, 124, 144, 203, 9, 75, 130, 152, 9, 113, 111, 129, 48, 53, 22, 226, 96, 0, 80, 59, 137, 124, 66, 34, 196, 81, 16, 243, 20, 185, 41, 44, 136, 93, 33, 174, 207, 146, 134, 167, 64, 28, 8, 241, 29, 129, 34, 82, 137, 199, 1, 128, 153, 20, 11, 146, 211, 32, 54, 131, 56, 38, 55, 63, 90, 41, 107, 3, 113, 150, 120, 70, 108, 156, 90, 23, 246, 37, 87, 22, 146, 1, 177, 19, 196, 45, 2, 62, 91, 25, 51, 59, 136, 31, 75, 243, 19, 149, 60, 206, 0, 224, 52, 30, 63, 52, 12, 98, 104, 7, 206, 20, 202, 217, 201, 131, 184, 92, 86, 144, 20, 166, 182, 19, 191, 94, 44, 8, 137, 85, 235, 34, 80, 114, 56, 81, 241, 16, 59, 64, 236, 192, 23, 69, 36, 170, 231, 33, 196, 72, 228, 241, 202, 57, 225, 55, 161, 64, 44, 138, 141, 81, 251, 69, 56, 199, 151, 169, 252, 133, 223, 68, 178, 92, 144, 28, 9, 177, 39, 196, 201, 114, 105, 114, 162, 218, 30, 98, 121, 150, 48, 156, 13, 113, 56, 196, 187, 5, 210, 200, 68, 181, 191, 196, 62, 137, 72, 149, 103, 112, 77, 72, 238, 28, 105, 88, 132, 122, 77, 72, 133, 82, 69, 98, 138, 218, 71, 210, 118, 190, 56, 69, 57, 63, 204, 17, 210, 3, 144, 138, 112, 0, 31, 228, 131, 25, 240, 205, 5, 98, 208, 9, 232, 64, 6, 132, 160, 64, 133, 178, 1, 7, 228, 193, 70, 135, 22, 184, 194, 22, 1, 185, 196, 176, 73, 33, 135, 12, 228, 170, 56, 164, 160, 107, 152, 62, 36, 161, 148, 113, 3, 18, 72, 203, 7, 89, 144, 87, 4, 37, 135, 198, 233, 128, 7, 103, 80, 75, 42, 103, 201, 135, 77, 249, 165, 156, 185, 91, 53, 198, 29, 212, 232, 14, 91, 136, 229, 14, 160, 128, 95, 2, 208, 11, 233, 2, 136, 38, 130, 14, 213, 72, 33, 180, 48, 15, 246, 33, 112, 84, 1, 105, 217, 16, 143, 212, 162, 150, 143, 87, 89, 171, 182, 129, 62, 104, 127, 207, 160, 150, 124, 149, 45, 156, 97, 185, 15, 182, 133, 64, 186, 24, 20, 195, 17, 217, 144, 111, 184, 49, 206, 192, 199, 194, 230, 143, 199, 224, 1, 56, 67, 37, 37, 133, 28, 69, 192, 77, 53, 62, 94, 53, 54, 164, 245, 131, 231, 74, 223, 122, 134, 181, 206, 132, 182, 142, 244, 126, 228, 138, 13, 173, 226, 41, 40, 37, 135, 223, 34, 232, 161, 120, 112, 125, 100, 208, 154, 183, 80, 38, 119, 80, 250, 47, 126, 46, 55, 83, 56, 73, 36, 85, 75, 19, 216, 211, 106, 213, 35, 165, 210, 233, 66, 238, 165, 101, 125, 173, 37, 71, 77, 0, 253, 198, 146, 147, 231, 1, 125, 175, 78, 211, 185, 97, 27, 233, 237, 120, 227, 148, 107, 148, 214, 146, 127, 136, 234, 167, 182, 125, 28, 213, 184, 145, 121, 163, 202, 36, 222, 39, 121, 3, 117, 17, 174, 18, 46, 19, 30, 16, 174, 3, 58, 236, 127, 38, 180, 19, 186, 33, 186, 75, 184, 7, 127, 183, 135, 237, 249, 16, 3, 245, 218, 12, 229, 132, 218, 46, 46, 130, 13, 219, 192, 130, 154, 69, 42, 106, 30, 108, 66, 21, 143, 108, 56, 30, 10, 136, 229, 240, 157, 165, 146, 118, 251, 75, 44, 34, 62, 241, 104, 36, 61, 127, 88, 123, 54, 108, 249, 127, 181, 97, 48, 99, 248, 42, 253, 156, 207, 174, 207, 255, 178, 67, 70, 172, 100, 150, 120, 185, 153, 68, 50, 173, 182, 100, 128, 47, 81, 175, 135, 50, 118, 252, 69, 177, 47, 98, 65, 169, 43, 99, 63, 163, 151, 177, 157, 177, 151, 241, 156, 241, 224, 67, 252, 24, 55, 25, 191, 50, 218, 25, 91, 33, 229, 9, 182, 10, 59, 140, 29, 195, 154, 176, 102, 172, 13, 208, 225, 87, 51, 118, 10, 107, 82, 161, 189, 216, 81, 248, 59, 240, 55, 59, 34, 251, 51, 59, 66, 153, 97, 220, 193, 29, 160, 164, 202, 7, 115, 112, 228, 94, 25, 233, 51, 107, 68, 52, 148, 252, 67, 107, 152, 243, 55, 249, 61, 50, 135, 148, 107, 249, 223, 89, 52, 114, 158, 143, 43, 8, 255, 195, 46, 165, 217, 210, 60, 104, 36, 154, 51, 205, 139, 198, 162, 33, 52, 107, 248, 243, 164, 5, 67, 100, 75, 179, 161, 197, 208, 140, 33, 53, 146, 230, 72, 11, 165, 141, 26, 145, 119, 234, 136, 137, 6, 51, 72, 248, 81, 61, 80, 91, 156, 14, 169, 67, 153, 38, 86, 85, 35, 14, 228, 84, 114, 112, 6, 253, 253, 171, 143, 244, 143, 188, 84, 122, 38, 28, 153, 27, 8, 21, 230, 134, 112, 68, 13, 249, 92, 237, 162, 127, 180, 215, 82, 160, 172, 16, 204, 82, 201, 203, 84, 213, 65, 172, 146, 147, 124, 148, 223, 50, 85, 213, 130, 35, 200, 100, 85, 12, 63, 99, 27, 209, 143, 232, 72, 12, 35, 58, 126, 208, 67, 12, 37, 70, 18, 195, 97, 239, 161, 28, 39, 142, 33, 70, 65, 236, 171, 228, 194, 45, 113, 15, 156, 13, 171, 91, 28, 160, 227, 44, 220, 11, 15, 30, 196, 234, 138, 55, 84, 243, 84, 81, 197, 131, 32, 53, 16, 15, 197, 153, 202, 26, 249, 209, 78, 224, 254, 71, 79, 71, 238, 66, 120, 215, 144, 243, 11, 229, 202, 139, 65, 72, 190, 164, 72, 42, 204, 22, 200, 233, 44, 120, 51, 226, 211, 217, 98, 174, 187, 43, 221, 147, 225, 1, 79, 68, 229, 61, 75, 125, 125, 120, 158, 160, 186, 63, 33, 70, 109, 92, 133, 180, 64, 61, 134, 43, 95, 4, 160, 9, 239, 96, 6, 192, 20, 88, 2, 91, 120, 170, 187, 65, 93, 62, 192, 31, 158, 179, 97, 240, 140, 140, 3, 201, 48, 178, 211, 160, 117, 2, 104, 141, 20, 174, 109, 9, 88, 0, 202, 65, 37, 88, 14, 214, 128, 13, 96, 11, 216, 14, 234, 64, 61, 56, 8, 142, 128, 163, 176, 42, 127, 15, 46, 128, 203, 160, 29, 220, 133, 39, 80, 23, 120, 2, 250, 192, 11, 48, 128, 32, 8, 9, 161, 34, 250, 136, 41, 98, 133, 216, 35, 46, 136, 39, 194, 68, 2, 145, 48, 36, 6, 73, 68, 210, 145, 76, 36, 27, 17, 35, 10, 164, 4, 89, 136, 84, 34, 43, 145, 13, 200, 86, 164, 14, 57, 128, 52, 33, 167, 144, 243, 200, 21, 228, 54, 210, 137, 244, 32, 191, 35, 111, 80, 12, 165, 160, 6, 168, 5, 234, 128, 142, 65, 153, 40, 11, 141, 70, 147, 209, 169, 104, 54, 58, 19, 45, 70, 203, 208, 165, 232, 58, 180, 6, 221, 139, 54, 160, 167, 208, 11, 104, 59, 218, 129, 62, 65, 251, 49, 128, 105, 97, 70, 152, 53, 230, 134, 49, 177, 16, 44, 14, 203, 192, 178, 48, 41, 54, 23, 171, 192, 170, 176, 26, 172, 30, 86, 129, 86, 236, 26, 214, 129, 245, 98, 175, 113, 34, 174, 143, 211, 113, 55, 24, 155, 72, 60, 5, 231, 226, 51, 241, 185, 248, 18, 124, 3, 190, 11, 111, 192, 207, 224, 215, 240, 78, 188, 15, 127, 71, 160, 18, 204, 9, 46, 4, 63, 2, 155, 48, 137, 144, 77, 152, 69, 40, 39, 84, 17, 106, 9, 135, 9, 103, 97, 213, 238, 34, 188, 32, 18, 137, 70, 48, 47, 124, 96, 190, 164, 19, 115, 136, 179, 137, 75, 136, 155, 136, 251, 136, 39, 137, 87, 136, 15, 137, 253, 36, 18, 201, 148, 228, 66, 10, 32, 197, 145, 56, 36, 57, 169, 156, 180, 158, 180, 151, 116, 130, 116, 149, 212, 69, 122, 69, 214, 34, 91, 145, 61, 201, 225, 228, 12, 178, 152, 92, 74, 174, 34, 239, 38, 31, 39, 95, 37, 63, 34, 15, 104, 232, 104, 216, 107, 248, 105, 196, 105, 240, 52, 138, 52, 150, 105, 108, 215, 104, 214, 184, 164, 209, 165, 49, 160, 169, 171, 233, 168, 25, 160, 153, 172, 153, 163, 185, 64, 115, 157, 102, 189, 230, 89, 205, 123, 154, 207, 181, 180, 180, 108, 180, 124, 181, 18, 180, 132, 90, 243, 181, 214, 105, 237, 215, 58, 167, 213, 169, 245, 154, 162, 71, 113, 166, 132, 80, 166, 80, 20, 148, 165, 148, 157, 148, 147, 148, 219, 148, 231, 84, 42, 213, 129, 26, 76, 205, 160, 202, 169, 75, 169, 117, 212, 211, 212, 7, 212, 87, 52, 125, 154, 59, 141, 77, 227, 209, 230, 209, 170, 105, 13, 180, 171, 180, 167, 218, 26, 218, 246, 218, 44, 237, 105, 218, 197, 218, 85, 218, 135, 180, 47, 105, 247, 234, 104, 232, 56, 232, 132, 232, 112, 116, 230, 234, 84, 235, 52, 233, 220, 212, 233, 215, 213, 215, 245, 208, 141, 211, 205, 211, 93, 162, 187, 91, 247, 188, 110, 183, 30, 73, 207, 65, 47, 76, 143, 167, 87, 166, 183, 77, 239, 180, 222, 67, 125, 76, 223, 86, 63, 68, 159, 171, 191, 80, 127, 187, 254, 89, 253, 46, 3, 162, 129, 163, 1, 219, 32, 199, 160, 210, 224, 27, 131, 139, 6, 125, 134, 122, 134, 227, 12, 83, 13, 11, 13, 171, 13, 143, 25, 118, 24, 97, 70, 14, 70, 108, 35, 145, 209, 50, 163, 131, 70, 55, 140, 222, 24, 91, 24, 179, 140, 249, 198, 139, 141, 235, 141, 175, 26, 191, 52, 25, 101, 18, 108, 194, 55, 169, 48, 217, 103, 210, 110, 242, 198, 148, 110, 26, 102, 154, 107, 186, 194, 244, 136, 233, 125, 51, 220, 204, 217, 44, 193, 108, 150, 217, 102, 179, 179, 102, 189, 163, 12, 70, 249, 143, 226, 142, 170, 24, 117, 112, 212, 29, 115, 212, 220, 217, 60, 209, 124, 182, 249, 54, 243, 54, 243, 126, 11, 75, 139, 8, 11, 137, 197, 122, 139, 211, 22, 189, 150, 70, 150, 193, 150, 57, 150, 171, 45, 143, 91, 246, 88, 233, 91, 5, 90, 9, 173, 86, 91, 157, 176, 122, 76, 55, 164, 179, 232, 34, 250, 58, 250, 25, 122, 159, 181, 185, 117, 164, 181, 194, 122, 171, 245, 69, 235, 1, 27, 71, 155, 20, 155, 82, 155, 125, 54, 247, 109, 53, 109, 153, 182, 89, 182, 171, 109, 91, 108, 251, 236, 172, 236, 38, 218, 149, 216, 237, 177, 187, 99, 175, 97, 207, 180, 23, 216, 175, 181, 111, 181, 127, 233, 224, 232, 144, 230, 176, 200, 225, 136, 67, 183, 163, 137, 35, 219, 177, 216, 113, 143, 227, 61, 39, 170, 83, 144, 211, 76, 167, 26, 167, 235, 163, 137, 163, 153, 163, 115, 71, 111, 26, 125, 217, 25, 117, 246, 114, 22, 56, 87, 59, 95, 114, 65, 93, 188, 93, 132, 46, 155, 92, 174, 184, 18, 92, 125, 93, 197, 174, 53, 174, 55, 221, 40, 110, 44, 183, 2, 183, 61, 110, 157, 238, 70, 238, 49, 238, 165, 238, 71, 220, 159, 142, 177, 27, 147, 49, 102, 197, 152, 214, 49, 239, 24, 94, 12, 17, 60, 223, 238, 122, 232, 121, 68, 121, 148, 122, 52, 123, 252, 238, 233, 236, 201, 245, 172, 246, 188, 62, 150, 58, 54, 124, 236, 188, 177, 141, 99, 159, 141, 115, 25, 199, 31, 183, 121, 220, 45, 47, 125, 175, 137, 94, 139, 188, 90, 188, 254, 244, 246, 241, 150, 122, 215, 123, 247, 248, 216, 249, 100, 250, 108, 244, 185, 201, 52, 96, 198, 51, 151, 48, 207, 249, 18, 124, 39, 248, 206, 243, 61, 234, 251, 218, 207, 219, 79, 238, 119, 208, 239, 55, 127, 55, 255, 92, 255, 221, 254, 221, 227, 29, 199, 243, 199, 111, 31, 255, 48, 192, 38, 128, 19, 176, 53, 160, 35, 144, 30, 152, 25, 248, 117, 96, 71, 144, 117, 16, 39, 168, 38, 232, 167, 96, 219, 96, 94, 112, 109, 240, 35, 214, 104, 86, 14, 107, 47, 235, 233, 4, 198, 4, 233, 132, 195, 19, 94, 134, 248, 133, 204, 9, 57, 25, 138, 133, 70, 132, 86, 132, 94, 12, 211, 11, 75, 9, 219, 16, 246, 32, 220, 38, 60, 59, 124, 79, 120, 95, 132, 87, 196, 236, 136, 147, 145, 132, 200, 232, 200, 21, 145, 55, 217, 22, 108, 46, 187, 142, 221, 23, 229, 19, 53, 39, 234, 76, 52, 37, 58, 41, 122, 67, 244, 79, 49, 206, 49, 210, 152, 230, 137, 232, 196, 168, 137, 171, 38, 222, 139, 181, 143, 21, 199, 30, 137, 3, 113, 236, 184, 85, 113, 247, 227, 29, 227, 103, 198, 127, 151, 64, 76, 136, 79, 168, 78, 248, 37, 209, 35, 177, 36, 177, 53, 73, 63, 105, 122, 210, 238, 164, 23, 201, 19, 146, 151, 37, 223, 77, 113, 74, 81, 164, 180, 164, 106, 167, 78, 73, 173, 75, 125, 153, 22, 154, 182, 50, 173, 99, 210, 152, 73, 115, 38, 93, 72, 55, 75, 23, 166, 55, 102, 144, 50, 82, 51, 106, 51, 250, 39, 135, 77, 94, 51, 185, 107, 138, 215, 148, 242, 41, 55, 166, 58, 78, 45, 156, 122, 126, 154, 217, 52, 209, 180, 99, 211, 181, 167, 115, 166, 31, 202, 36, 100, 166, 101, 238, 206, 124, 203, 137, 227, 212, 112, 250, 103, 176, 103, 108, 156, 209, 199, 13, 225, 174, 229, 62, 225, 5, 243, 86, 243, 122, 248, 1, 252, 149, 252, 71, 89, 1, 89, 43, 179, 186, 179, 3, 178, 87, 101, 247, 8, 130, 4, 85, 130, 94, 97, 136, 112, 131, 240, 89, 78, 100, 206, 150, 156, 151, 185, 113, 185, 59, 115, 223, 139, 210, 68, 251, 242, 200, 121, 153, 121, 77, 98, 61, 113, 174, 248, 76, 190, 101, 126, 97, 254, 21, 137, 139, 164, 92, 210, 49, 211, 111, 230, 154, 153, 125, 210, 104, 105, 173, 12, 145, 77, 149, 53, 202, 13, 224, 159, 210, 54, 133, 147, 226, 11, 69, 103, 65, 96, 65, 117, 193, 171, 89, 169, 179, 14, 21, 234, 22, 138, 11, 219, 138, 156, 139, 22, 23, 61, 42, 14, 47, 222, 49, 27, 159, 205, 157, 221, 82, 98, 93, 178, 160, 164, 115, 14, 107, 206, 214, 185, 200, 220, 25, 115, 91, 230, 217, 206, 43, 155, 215, 53, 63, 98, 254, 174, 5, 154, 11, 114, 23, 252, 88, 202, 40, 93, 89, 250, 199, 194, 180, 133, 205, 101, 22, 101, 243, 203, 30, 126, 17, 241, 197, 158, 114, 90, 185, 180, 252, 230, 34, 255, 69, 91, 190, 196, 191, 20, 126, 121, 113, 241, 216, 197, 235, 23, 191, 171, 224, 85, 252, 80, 201, 168, 172, 170, 124, 187, 132, 187, 228, 135, 175, 60, 190, 90, 247, 213, 251, 165, 89, 75, 47, 46, 243, 94, 182, 121, 57, 113, 185, 120, 249, 141, 21, 65, 43, 118, 173, 212, 93, 89, 188, 242, 225, 170, 137, 171, 26, 86, 211, 87, 87, 172, 254, 99, 205, 244, 53, 231, 171, 198, 85, 109, 89, 171, 185, 86, 177, 182, 99, 93, 204, 186, 198, 245, 118, 235, 151, 175, 127, 187, 65, 176, 161, 189, 122, 66, 245, 190, 141, 230, 27, 23, 111, 124, 185, 137, 183, 233, 234, 230, 224, 205, 245, 91, 44, 182, 84, 110, 121, 243, 181, 240, 235, 91, 91, 35, 182, 54, 212, 56, 212, 84, 109, 35, 110, 43, 216, 246, 203, 246, 212, 237, 173, 59, 152, 59, 234, 106, 205, 106, 43, 107, 255, 220, 41, 222, 217, 177, 43, 113, 215, 153, 58, 159, 186, 186, 221, 230, 187, 151, 237, 65, 247, 40, 246, 244, 236, 157, 178, 247, 242, 55, 161, 223, 52, 214, 187, 213, 111, 221, 103, 180, 175, 114, 63, 216, 175, 216, 255, 248, 64, 230, 129, 27, 7, 163, 15, 182, 28, 98, 30, 170, 255, 214, 254, 219, 141, 135, 245, 15, 87, 52, 32, 13, 69, 13, 125, 71, 4, 71, 58, 26, 211, 27, 175, 52, 69, 53, 181, 52, 251, 55, 31, 254, 206, 253, 187, 157, 71, 173, 143, 86, 31, 51, 60, 182, 236, 184, 230, 241, 178, 227, 239, 79, 20, 159, 232, 63, 41, 57, 217, 123, 42, 251, 212, 195, 150, 233, 45, 119, 79, 79, 58, 125, 253, 76, 194, 153, 139, 103, 163, 207, 158, 251, 62, 252, 251, 211, 173, 172, 214, 19, 231, 2, 206, 29, 61, 239, 119, 190, 233, 7, 230, 15, 71, 46, 120, 95, 104, 104, 243, 106, 59, 252, 163, 215, 143, 135, 47, 122, 95, 108, 184, 228, 115, 169, 241, 178, 239, 229, 230, 43, 227, 175, 28, 191, 26, 116, 245, 212, 181, 208, 107, 223, 95, 103, 95, 191, 208, 30, 219, 126, 229, 70, 202, 141, 91, 55, 167, 220, 236, 184, 197, 187, 213, 125, 91, 116, 251, 217, 157, 130, 59, 3, 119, 231, 195, 139, 125, 197, 125, 157, 251, 85, 15, 204, 31, 212, 252, 107, 244, 191, 246, 117, 120, 119, 28, 235, 12, 237, 108, 251, 41, 233, 167, 187, 15, 185, 15, 159, 252, 44, 251, 249, 109, 87, 217, 47, 212, 95, 170, 30, 89, 61, 170, 235, 246, 236, 62, 218, 19, 222, 115, 249, 241, 228, 199, 93, 79, 36, 79, 6, 122, 203, 127, 213, 253, 117, 227, 83, 167, 167, 223, 254, 22, 252, 91, 91, 223, 164, 190, 174, 103, 210, 103, 239, 127, 95, 242, 220, 244, 249, 206, 63, 198, 253, 209, 210, 31, 223, 255, 224, 69, 222, 139, 129, 151, 21, 175, 76, 95, 237, 122, 205, 124, 221, 250, 38, 237, 205, 163, 129, 89, 111, 73, 111, 215, 253, 57, 250, 207, 230, 119, 209, 239, 238, 189, 207, 123, 255, 254, 223, 9, 15, 248, 98, 78, 228, 98, 133, 0, 0, 0, 120, 101, 88, 73, 102, 77, 77, 0, 42, 0, 0, 0, 8, 0, 5, 1, 18, 0, 3, 0, 0, 0, 1, 0, 1, 0, 0, 1, 26, 0, 5, 0, 0, 0, 1, 0, 0, 0, 74, 1, 27, 0, 5, 0, 0, 0, 1, 0, 0, 0, 82, 1, 40, 0, 3, 0, 0, 0, 1, 0, 2, 0, 0, 135, 105, 0, 4, 0, 0, 0, 1, 0, 0, 0, 90, 0, 0, 0, 0, 0, 0, 0, 216, 0, 0, 0, 1, 0, 0, 0, 216, 0, 0, 0, 1, 0, 2, 160, 2, 0, 4, 0, 0, 0, 1, 0, 0, 0, 72, 160, 3, 0, 4, 0, 0, 0, 1, 0, 0, 0, 72, 0, 0, 0, 0, 139, 253, 119, 207, 0, 0, 0, 9, 112, 72, 89, 115, 0, 0, 33, 56, 0, 0, 33, 56, 1, 69, 150, 49, 96, 0, 0, 0, 28, 105, 68, 79, 84, 0, 0, 0, 2, 0, 0, 0, 0, 0, 0, 0, 36, 0, 0, 0, 40, 0, 0, 0, 36, 0, 0, 0, 36, 0, 0, 0, 237, 83, 65, 102, 142, 0, 0, 0, 185, 73, 68, 65, 84, 88, 9, 236, 148, 81, 18, 132, 32, 12, 67, 249, 146, 235, 115, 26, 135, 91, 113, 4, 86, 112, 97, 219, 146, 184, 204, 248, 91, 190, 104, 218, 23, 33, 163, 134, 224, 203, 19, 240, 4, 60, 1, 79, 96, 59, 129, 35, 149, 146, 34, 27, 143, 173, 123, 176, 174, 210, 83, 189, 214, 73, 156, 226, 217, 186, 73, 1, 172, 40, 109, 148, 56, 221, 62, 181, 48, 86, 233, 183, 17, 116, 250, 250, 108, 26, 245, 171, 193, 51, 13, 159, 205, 171, 205, 113, 155, 19, 109, 168, 11, 137, 130, 0, 68, 22, 224, 178, 133, 8, 20, 23, 212, 8, 0, 2, 146, 129, 96, 185, 96, 139, 0, 49, 32, 26, 208, 148, 0, 160, 146, 66, 85, 65, 17, 210, 16, 176, 216, 146, 225, 71, 121, 226, 57, 247, 143, 134, 125, 54, 143, 38, 189, 57, 157, 94, 250, 132, 160, 157, 236, 139, 254, 255, 36, 191, 9, 233, 244, 198, 231, 58, 211, 136, 167, 102, 242, 131, 26, 79, 253, 0, 0, 0, 255, 255, 104, 175, 18, 229, 0, 0, 0, 170, 73, 68, 65, 84, 237, 148, 65, 14, 128, 32, 12, 4, 57, 209, 239, 243, 26, 194, 175, 120, 2, 70, 5, 66, 97, 23, 141, 94, 203, 137, 110, 157, 73, 218, 168, 206, 109, 143, 164, 82, 79, 146, 237, 131, 15, 77, 137, 205, 83, 74, 252, 97, 26, 61, 127, 76, 218, 243, 221, 212, 61, 169, 45, 234, 219, 116, 221, 19, 101, 184, 62, 44, 21, 180, 21, 172, 10, 240, 240, 38, 154, 208, 169, 220, 128, 83, 107, 1, 151, 96, 2, 72, 9, 48, 16, 17, 120, 136, 33, 4, 195, 1, 2, 87, 130, 144, 24, 8, 106, 68, 1, 218, 32, 174, 80, 191, 175, 245, 245, 235, 166, 64, 80, 29, 231, 91, 180, 122, 156, 107, 166, 172, 9, 82, 221, 34, 228, 233, 166, 119, 162, 107, 52, 236, 105, 166, 119, 163, 249, 144, 115, 160, 63, 31, 57, 187, 158, 12, 99, 177, 109, 192, 54, 96, 27, 176, 13, 128, 13, 28, 99, 131, 15, 83, 73, 157, 130, 118, 0, 0, 0, 0, 73, 69, 78, 68, 174, 66, 96, 130]"
    },
    {
      "filePath": "\/Users\/iosnasmedia\/Desktop\/JSYWorkSpace\/iOS-AdMixerMediation\/AdMixerMediationAdFit\/Classes\/Utils\/Log.swift",
      "kind": "StringLiteral",
      "offset": 308,
      "length": 9,
      "value": "\"Network\""
    },
    {
      "filePath": "\/Users\/iosnasmedia\/Desktop\/JSYWorkSpace\/iOS-AdMixerMediation\/AdMixerMediationAdFit\/Classes\/Utils\/Log.swift",
      "kind": "StringLiteral",
      "offset": 380,
      "length": 7,
      "value": "\"Debug\""
    },
    {
      "filePath": "\/Users\/iosnasmedia\/Desktop\/JSYWorkSpace\/iOS-AdMixerMediation\/AdMixerMediationAdFit\/Classes\/Utils\/Log.swift",
      "kind": "StringLiteral",
      "offset": 449,
      "length": 6,
      "value": "\"Info\""
    },
    {
      "filePath": "\/Users\/iosnasmedia\/Desktop\/JSYWorkSpace\/iOS-AdMixerMediation\/AdMixerMediationAdFit\/Classes\/Utils\/Log.swift",
      "kind": "StringLiteral",
      "offset": 518,
      "length": 7,
      "value": "\"Error\""
    },
    {
      "filePath": "\/Users\/iosnasmedia\/Desktop\/JSYWorkSpace\/iOS-AdMixerMediation\/AdMixerMediationAdFit\/Classes\/Utils\/UIColor++.swift",
      "kind": "FloatLiteral",
      "offset": 190,
      "length": 3,
      "value": "1.0"
    }
  ]
}