{
  "ABIRoot": {
    "kind": "Root",
    "name": "TopLevel",
    "printedName": "TopLevel",
    "children": [
      {
        "kind": "Import",
        "name": "Foundation",
        "printedName": "Foundation",
        "declKind": "Import",
        "moduleName": "AdMixerMediationGAM"
      },
      {
        "kind": "TypeDecl",
        "name": "AMMBannerViewDelegate",
        "printedName": "AMMBannerViewDelegate",
        "children": [
          {
            "kind": "Function",
            "name": "onSuccessBanner",
            "printedName": "onSuccessBanner()",
            "children": [
              {
                "kind": "TypeNominal",
                "name": "Void",
                "printedName": "()"
              }
            ],
            "declKind": "Func",
            "usr": "c:@M@AdMixerMediationGAM@objc(pl)AMMBannerViewDelegate(im)onSuccessBanner",
            "mangledName": "$s19AdMixerMediationGAM21AMMBannerViewDelegateP15onSuccessBanneryyF",
            "moduleName": "AdMixerMediationGAM",
            "genericSig": "<τ_0_0 where τ_0_0 : AdMixerMediationGAM.AMMBannerViewDelegate>",
            "sugared_genericSig": "<Self where Self : AdMixerMediationGAM.AMMBannerViewDelegate>",
            "protocolReq": true,
            "declAttributes": [
              "ObjC"
            ],
            "reqNewWitnessTableEntry": true,
            "funcSelfKind": "NonMutating"
          },
          {
            "kind": "Function",
            "name": "onFailBanner",
            "printedName": "onFailBanner()",
            "children": [
              {
                "kind": "TypeNominal",
                "name": "Void",
                "printedName": "()"
              }
            ],
            "declKind": "Func",
            "usr": "c:@M@AdMixerMediationGAM@objc(pl)AMMBannerViewDelegate(im)onFailBanner",
            "mangledName": "$s19AdMixerMediationGAM21AMMBannerViewDelegateP12onFailBanneryyF",
            "moduleName": "AdMixerMediationGAM",
            "genericSig": "<τ_0_0 where τ_0_0 : AdMixerMediationGAM.AMMBannerViewDelegate>",
            "sugared_genericSig": "<Self where Self : AdMixerMediationGAM.AMMBannerViewDelegate>",
            "protocolReq": true,
            "declAttributes": [
              "ObjC"
            ],
            "reqNewWitnessTableEntry": true,
            "funcSelfKind": "NonMutating"
          }
        ],
        "declKind": "Protocol",
        "usr": "c:@M@AdMixerMediationGAM@objc(pl)AMMBannerViewDelegate",
        "mangledName": "$s19AdMixerMediationGAM21AMMBannerViewDelegateP",
        "moduleName": "AdMixerMediationGAM",
        "genericSig": "<τ_0_0 : AnyObject>",
        "sugared_genericSig": "<Self : AnyObject>",
        "declAttributes": [
          "AccessControl",
          "ObjC"
        ]
      },
      {
        "kind": "Import",
        "name": "Foundation",
        "printedName": "Foundation",
        "declKind": "Import",
        "moduleName": "AdMixerMediationGAM",
        "declAttributes": [
          "RawDocComment"
        ]
      },
      {
        "kind": "Import",
        "name": "Foundation",
        "printedName": "Foundation",
        "declKind": "Import",
        "moduleName": "AdMixerMediationGAM"
      },
      {
        "kind": "Import",
        "name": "UIKit",
        "printedName": "UIKit",
        "declKind": "Import",
        "moduleName": "AdMixerMediationGAM"
      },
      {
        "kind": "Import",
        "name": "AdMixerMediation",
        "printedName": "AdMixerMediation",
        "declKind": "Import",
        "moduleName": "AdMixerMediationGAM"
      },
      {
        "kind": "TypeDecl",
        "name": "GAMAdapter",
        "printedName": "GAMAdapter",
        "children": [
          {
            "kind": "Function",
            "name": "loadBannerAd",
            "printedName": "loadBannerAd(bannerAdConfiguration:mediationBannerHandler:)",
            "children": [
              {
                "kind": "TypeNominal",
                "name": "Void",
                "printedName": "()"
              },
              {
                "kind": "TypeNominal",
                "name": "BannerConfiguration",
                "printedName": "AdMixerMediation.BannerConfiguration",
                "usr": "s:16AdMixerMediation19BannerConfigurationC"
              },
              {
                "kind": "TypeNominal",
                "name": "BannerHandler",
                "printedName": "any AdMixerMediation.BannerHandler",
                "usr": "s:16AdMixerMediation13BannerHandlerP"
              }
            ],
            "declKind": "Func",
            "usr": "s:19AdMixerMediationGAM10GAMAdapterC010loadBannerA006bannerA13Configuration09mediationG7Handlery0abC00gI0C_AG0gK0_ptF",
            "mangledName": "$s19AdMixerMediationGAM10GAMAdapterC010loadBannerA006bannerA13Configuration09mediationG7Handlery0abC00gI0C_AG0gK0_ptF",
            "moduleName": "AdMixerMediationGAM",
            "overriding": true,
            "declAttributes": [
              "Override",
              "AccessControl"
            ],
            "funcSelfKind": "NonMutating"
          },
          {
            "kind": "Constructor",
            "name": "init",
            "printedName": "init()",
            "children": [
              {
                "kind": "TypeNominal",
                "name": "GAMAdapter",
                "printedName": "AdMixerMediationGAM.GAMAdapter",
                "usr": "s:19AdMixerMediationGAM10GAMAdapterC"
              }
            ],
            "declKind": "Constructor",
            "usr": "s:19AdMixerMediationGAM10GAMAdapterCACycfc",
            "mangledName": "$s19AdMixerMediationGAM10GAMAdapterCACycfc",
            "moduleName": "AdMixerMediationGAM",
            "overriding": true,
            "implicit": true,
            "objc_name": "init",
            "declAttributes": [
              "Dynamic",
              "ObjC",
              "Required"
            ],
            "init_kind": "Designated"
          }
        ],
        "declKind": "Class",
        "usr": "s:19AdMixerMediationGAM10GAMAdapterC",
        "mangledName": "$s19AdMixerMediationGAM10GAMAdapterC",
        "moduleName": "AdMixerMediationGAM",
        "declAttributes": [
          "AccessControl"
        ],
        "superclassUsr": "c:@M@AdMixerMediation@objc(cs)Adapter",
        "inheritsConvenienceInitializers": true,
        "superclassNames": [
          "AdMixerMediation.Adapter",
          "ObjectiveC.NSObject"
        ],
        "conformances": [
          {
            "kind": "Conformance",
            "name": "Equatable",
            "printedName": "Equatable",
            "usr": "s:SQ",
            "mangledName": "$sSQ"
          },
          {
            "kind": "Conformance",
            "name": "Hashable",
            "printedName": "Hashable",
            "usr": "s:SH",
            "mangledName": "$sSH"
          },
          {
            "kind": "Conformance",
            "name": "CVarArg",
            "printedName": "CVarArg",
            "usr": "s:s7CVarArgP",
            "mangledName": "$ss7CVarArgP"
          },
          {
            "kind": "Conformance",
            "name": "_KeyValueCodingAndObservingPublishing",
            "printedName": "_KeyValueCodingAndObservingPublishing",
            "usr": "s:10Foundation37_KeyValueCodingAndObservingPublishingP",
            "mangledName": "$s10Foundation37_KeyValueCodingAndObservingPublishingP"
          },
          {
            "kind": "Conformance",
            "name": "_KeyValueCodingAndObserving",
            "printedName": "_KeyValueCodingAndObserving",
            "usr": "s:10Foundation27_KeyValueCodingAndObservingP",
            "mangledName": "$s10Foundation27_KeyValueCodingAndObservingP"
          },
          {
            "kind": "Conformance",
            "name": "CustomStringConvertible",
            "printedName": "CustomStringConvertible",
            "usr": "s:s23CustomStringConvertibleP",
            "mangledName": "$ss23CustomStringConvertibleP"
          },
          {
            "kind": "Conformance",
            "name": "CustomDebugStringConvertible",
            "printedName": "CustomDebugStringConvertible",
            "usr": "s:s28CustomDebugStringConvertibleP",
            "mangledName": "$ss28CustomDebugStringConvertibleP"
          }
        ]
      },
      {
        "kind": "Import",
        "name": "AdMixerMediation",
        "printedName": "AdMixerMediation",
        "declKind": "Import",
        "moduleName": "AdMixerMediationGAM"
      },
      {
        "kind": "Import",
        "name": "GoogleMobileAds",
        "printedName": "GoogleMobileAds",
        "declKind": "Import",
        "moduleName": "AdMixerMediationGAM"
      },
      {
        "kind": "Import",
        "name": "AdMixerMediation",
        "printedName": "AdMixerMediation",
        "declKind": "Import",
        "moduleName": "AdMixerMediationGAM"
      },
      {
        "kind": "Import",
        "name": "GoogleMobileAds",
        "printedName": "GoogleMobileAds",
        "declKind": "Import",
        "moduleName": "AdMixerMediationGAM"
      },
      {
        "kind": "TypeDecl",
        "name": "GAMInterstitialAd",
        "printedName": "GAMInterstitialAd",
        "children": [
          {
            "kind": "Function",
            "name": "render",
            "printedName": "render()",
            "children": [
              {
                "kind": "TypeNominal",
                "name": "Void",
                "printedName": "()"
              }
            ],
            "declKind": "Func",
            "usr": "s:19AdMixerMediationGAM015GAMInterstitialA0C6renderyyF",
            "mangledName": "$s19AdMixerMediationGAM015GAMInterstitialA0C6renderyyF",
            "moduleName": "AdMixerMediationGAM",
            "declAttributes": [
              "AccessControl"
            ],
            "funcSelfKind": "NonMutating"
          },
          {
            "kind": "Function",
            "name": "view",
            "printedName": "view()",
            "children": [
              {
                "kind": "TypeNominal",
                "name": "UIView",
                "printedName": "UIKit.UIView",
                "usr": "c:objc(cs)UIView"
              }
            ],
            "declKind": "Func",
            "usr": "s:19AdMixerMediationGAM015GAMInterstitialA0C4viewSo6UIViewCyF",
            "mangledName": "$s19AdMixerMediationGAM015GAMInterstitialA0C4viewSo6UIViewCyF",
            "moduleName": "AdMixerMediationGAM",
            "declAttributes": [
              "AccessControl"
            ],
            "funcSelfKind": "NonMutating"
          }
        ],
        "declKind": "Class",
        "usr": "s:19AdMixerMediationGAM015GAMInterstitialA0C",
        "mangledName": "$s19AdMixerMediationGAM015GAMInterstitialA0C",
        "moduleName": "AdMixerMediationGAM",
        "declAttributes": [
          "AccessControl",
          "RawDocComment"
        ],
        "hasMissingDesignatedInitializers": true
      },
      {
        "kind": "Import",
        "name": "Foundation",
        "printedName": "Foundation",
        "declKind": "Import",
        "moduleName": "AdMixerMediationGAM",
        "declAttributes": [
          "RawDocComment"
        ]
      },
      {
        "kind": "Import",
        "name": "os.log",
        "printedName": "os.log",
        "declKind": "Import",
        "moduleName": "AdMixerMediationGAM"
      },
      {
        "kind": "Import",
        "name": "Foundation",
        "printedName": "Foundation",
        "declKind": "Import",
        "moduleName": "AdMixerMediationGAM"
      },
      {
        "kind": "Import",
        "name": "Network",
        "printedName": "Network",
        "declKind": "Import",
        "moduleName": "AdMixerMediationGAM"
      },
      {
        "kind": "Import",
        "name": "Foundation",
        "printedName": "Foundation",
        "declKind": "Import",
        "moduleName": "AdMixerMediationGAM",
        "declAttributes": [
          "RawDocComment"
        ]
      },
      {
        "kind": "Import",
        "name": "CoreTelephony",
        "printedName": "CoreTelephony",
        "declKind": "Import",
        "moduleName": "AdMixerMediationGAM"
      },
      {
        "kind": "Import",
        "name": "UIKit",
        "printedName": "UIKit",
        "declKind": "Import",
        "moduleName": "AdMixerMediationGAM"
      },
      {
        "kind": "Import",
        "name": "CoreTelephony",
        "printedName": "CoreTelephony",
        "declKind": "Import",
        "moduleName": "AdMixerMediationGAM"
      },
      {
        "kind": "Import",
        "name": "Foundation",
        "printedName": "Foundation",
        "declKind": "Import",
        "moduleName": "AdMixerMediationGAM"
      },
      {
        "kind": "Import",
        "name": "AppTrackingTransparency",
        "printedName": "AppTrackingTransparency",
        "declKind": "Import",
        "moduleName": "AdMixerMediationGAM"
      },
      {
        "kind": "Import",
        "name": "AdSupport",
        "printedName": "AdSupport",
        "declKind": "Import",
        "moduleName": "AdMixerMediationGAM"
      }
    ],
    "json_format_version": 8
  },
  "ConstValues": [
    {
      "filePath": "\/Users\/iosnasmedia\/Project\/iOS-AdMixerMediation\/AdMixerMediationGAM\/Classes\/Utils\/Constant.swift",
      "kind": "StringLiteral",
      "offset": 163,
      "length": 7,
      "value": "\"0.3.6\""
    },
    {
      "filePath": "\/Users\/iosnasmedia\/Project\/iOS-AdMixerMediation\/AdMixerMediationGAM\/Classes\/Utils\/Constant.swift",
      "kind": "StringLiteral",
      "offset": 217,
      "length": 40,
      "value": "\"https:\/\/amssp.admixer.co.kr\/api\/v1\/mda\""
    },
    {
      "filePath": "\/Users\/iosnasmedia\/Project\/iOS-AdMixerMediation\/AdMixerMediationGAM\/Classes\/Utils\/Constant.swift",
      "kind": "StringLiteral",
      "offset": 365,
      "length": 40,
      "value": "\"https:\/\/amssp.admixer.co.kr\/api\/v1\/mda\""
    },
    {
      "filePath": "\/Users\/iosnasmedia\/Project\/iOS-AdMixerMediation\/AdMixerMediationGAM\/Classes\/Utils\/Constant.swift",
      "kind": "StringLiteral",
      "offset": 514,
      "length": 13,
      "value": "\"\/media-conf\""
    },
    {
      "filePath": "\/Users\/iosnasmedia\/Project\/iOS-AdMixerMediation\/AdMixerMediationGAM\/Classes\/Utils\/Constant.swift",
      "kind": "StringLiteral",
      "offset": 561,
      "length": 14,
      "value": "\"\/network-log\""
    },
    {
      "filePath": "\/Users\/iosnasmedia\/Project\/iOS-AdMixerMediation\/AdMixerMediationGAM\/Classes\/Utils\/Constant.swift",
      "kind": "StringLiteral",
      "offset": 602,
      "length": 14,
      "value": "\"\/network-log\""
    },
    {
      "filePath": "\/Users\/iosnasmedia\/Project\/iOS-AdMixerMediation\/AdMixerMediationGAM\/Classes\/Utils\/Constant.swift",
      "kind": "StringLiteral",
      "offset": 648,
      "length": 5,
      "value": "\"ios\""
    },
    {
      "filePath": "\/Users\/iosnasmedia\/Project\/iOS-AdMixerMediation\/AdMixerMediationGAM\/Classes\/Utils\/Constant.swift",
      "kind": "StringLiteral",
      "offset": 676,
      "length": 4,
      "value": "\"ko\""
    },
    {
      "filePath": "\/Users\/iosnasmedia\/Project\/iOS-AdMixerMediation\/AdMixerMediationGAM\/Classes\/Utils\/Constant.swift",
      "kind": "StringLiteral",
      "offset": 706,
      "length": 3,
      "value": "\"0\""
    },
    {
      "filePath": "\/Users\/iosnasmedia\/Project\/iOS-AdMixerMediation\/AdMixerMediationGAM\/Classes\/Utils\/Constant.swift",
      "kind": "IntegerLiteral",
      "offset": 758,
      "length": 1,
      "value": "1"
    },
    {
      "filePath": "\/Users\/iosnasmedia\/Project\/iOS-AdMixerMediation\/AdMixerMediationGAM\/Classes\/Utils\/Constant.swift",
      "kind": "IntegerLiteral",
      "offset": 801,
      "length": 1,
      "value": "2"
    },
    {
      "filePath": "\/Users\/iosnasmedia\/Project\/iOS-AdMixerMediation\/AdMixerMediationGAM\/Classes\/Utils\/Constant.swift",
      "kind": "IntegerLiteral",
      "offset": 845,
      "length": 1,
      "value": "1"
    },
    {
      "filePath": "\/Users\/iosnasmedia\/Project\/iOS-AdMixerMediation\/AdMixerMediationGAM\/Classes\/Utils\/Constant.swift",
      "kind": "IntegerLiteral",
      "offset": 883,
      "length": 1,
      "value": "2"
    },
    {
      "filePath": "\/Users\/iosnasmedia\/Project\/iOS-AdMixerMediation\/AdMixerMediationGAM\/Classes\/Utils\/Constant.swift",
      "kind": "StringLiteral",
      "offset": 931,
      "length": 25,
      "value": "\"USER_DEFAULT_MEDIA_CONF\""
    },
    {
      "filePath": "\/Users\/iosnasmedia\/Project\/iOS-AdMixerMediation\/AdMixerMediationGAM\/Classes\/Utils\/Constant.swift",
      "kind": "StringLiteral",
      "offset": 1008,
      "length": 35,
      "value": "\"USER_DEFAULT_MEDIA_CONF_IMP_STATE\""
    },
    {
      "filePath": "\/Users\/iosnasmedia\/Project\/iOS-AdMixerMediation\/AdMixerMediationGAM\/Classes\/Utils\/Enum.swift",
      "kind": "IntegerLiteral",
      "offset": 63,
      "length": 1,
      "value": "0"
    },
    {
      "filePath": "\/Users\/iosnasmedia\/Project\/iOS-AdMixerMediation\/AdMixerMediationGAM\/Classes\/Utils\/Enum.swift",
      "kind": "IntegerLiteral",
      "offset": 84,
      "length": 1,
      "value": "1"
    },
    {
      "filePath": "\/Users\/iosnasmedia\/Project\/iOS-AdMixerMediation\/AdMixerMediationGAM\/Classes\/Utils\/Enum.swift",
      "kind": "IntegerLiteral",
      "offset": 105,
      "length": 1,
      "value": "2"
    },
    {
      "filePath": "\/Users\/iosnasmedia\/Project\/iOS-AdMixerMediation\/AdMixerMediationGAM\/Classes\/Utils\/Enum.swift",
      "kind": "IntegerLiteral",
      "offset": 125,
      "length": 1,
      "value": "3"
    },
    {
      "filePath": "\/Users\/iosnasmedia\/Project\/iOS-AdMixerMediation\/AdMixerMediationGAM\/Classes\/Utils\/Enum.swift",
      "kind": "IntegerLiteral",
      "offset": 63,
      "length": 1,
      "value": "0"
    },
    {
      "filePath": "\/Users\/iosnasmedia\/Project\/iOS-AdMixerMediation\/AdMixerMediationGAM\/Classes\/Utils\/Enum.swift",
      "kind": "IntegerLiteral",
      "offset": 84,
      "length": 1,
      "value": "1"
    },
    {
      "filePath": "\/Users\/iosnasmedia\/Project\/iOS-AdMixerMediation\/AdMixerMediationGAM\/Classes\/Utils\/Enum.swift",
      "kind": "IntegerLiteral",
      "offset": 105,
      "length": 1,
      "value": "2"
    },
    {
      "filePath": "\/Users\/iosnasmedia\/Project\/iOS-AdMixerMediation\/AdMixerMediationGAM\/Classes\/Utils\/Enum.swift",
      "kind": "IntegerLiteral",
      "offset": 125,
      "length": 1,
      "value": "3"
    },
    {
      "filePath": "\/Users\/iosnasmedia\/Project\/iOS-AdMixerMediation\/AdMixerMediationGAM\/Classes\/Utils\/Enum.swift",
      "kind": "IntegerLiteral",
      "offset": 63,
      "length": 1,
      "value": "0"
    },
    {
      "filePath": "\/Users\/iosnasmedia\/Project\/iOS-AdMixerMediation\/AdMixerMediationGAM\/Classes\/Utils\/Enum.swift",
      "kind": "IntegerLiteral",
      "offset": 84,
      "length": 1,
      "value": "1"
    },
    {
      "filePath": "\/Users\/iosnasmedia\/Project\/iOS-AdMixerMediation\/AdMixerMediationGAM\/Classes\/Utils\/Enum.swift",
      "kind": "IntegerLiteral",
      "offset": 105,
      "length": 1,
      "value": "2"
    },
    {
      "filePath": "\/Users\/iosnasmedia\/Project\/iOS-AdMixerMediation\/AdMixerMediationGAM\/Classes\/Utils\/Enum.swift",
      "kind": "IntegerLiteral",
      "offset": 125,
      "length": 1,
      "value": "3"
    },
    {
      "filePath": "\/Users\/iosnasmedia\/Project\/iOS-AdMixerMediation\/AdMixerMediationGAM\/Classes\/Utils\/Enum.swift",
      "kind": "IntegerLiteral",
      "offset": 371,
      "length": 1,
      "value": "0"
    },
    {
      "filePath": "\/Users\/iosnasmedia\/Project\/iOS-AdMixerMediation\/AdMixerMediationGAM\/Classes\/Utils\/Enum.swift",
      "kind": "IntegerLiteral",
      "offset": 388,
      "length": 1,
      "value": "1"
    },
    {
      "filePath": "\/Users\/iosnasmedia\/Project\/iOS-AdMixerMediation\/AdMixerMediationGAM\/Classes\/Utils\/Enum.swift",
      "kind": "IntegerLiteral",
      "offset": 371,
      "length": 1,
      "value": "0"
    },
    {
      "filePath": "\/Users\/iosnasmedia\/Project\/iOS-AdMixerMediation\/AdMixerMediationGAM\/Classes\/Utils\/Enum.swift",
      "kind": "IntegerLiteral",
      "offset": 388,
      "length": 1,
      "value": "1"
    },
    {
      "filePath": "\/Users\/iosnasmedia\/Project\/iOS-AdMixerMediation\/AdMixerMediationGAM\/Classes\/Utils\/Enum.swift",
      "kind": "IntegerLiteral",
      "offset": 371,
      "length": 1,
      "value": "0"
    },
    {
      "filePath": "\/Users\/iosnasmedia\/Project\/iOS-AdMixerMediation\/AdMixerMediationGAM\/Classes\/Utils\/Enum.swift",
      "kind": "IntegerLiteral",
      "offset": 388,
      "length": 1,
      "value": "1"
    },
    {
      "filePath": "\/Users\/iosnasmedia\/Project\/iOS-AdMixerMediation\/AdMixerMediationGAM\/Classes\/Utils\/Enum.swift",
      "kind": "StringLiteral",
      "offset": 431,
      "length": 5,
      "value": "\"imp\""
    },
    {
      "filePath": "\/Users\/iosnasmedia\/Project\/iOS-AdMixerMediation\/AdMixerMediationGAM\/Classes\/Utils\/Enum.swift",
      "kind": "StringLiteral",
      "offset": 454,
      "length": 7,
      "value": "\"click\""
    },
    {
      "filePath": "\/Users\/iosnasmedia\/Project\/iOS-AdMixerMediation\/AdMixerMediationGAM\/Classes\/Utils\/Enum.swift",
      "kind": "StringLiteral",
      "offset": 431,
      "length": 5,
      "value": "\"imp\""
    },
    {
      "filePath": "\/Users\/iosnasmedia\/Project\/iOS-AdMixerMediation\/AdMixerMediationGAM\/Classes\/Utils\/Enum.swift",
      "kind": "StringLiteral",
      "offset": 454,
      "length": 7,
      "value": "\"click\""
    },
    {
      "filePath": "\/Users\/iosnasmedia\/Project\/iOS-AdMixerMediation\/AdMixerMediationGAM\/Classes\/Utils\/Enum.swift",
      "kind": "StringLiteral",
      "offset": 507,
      "length": 8,
      "value": "\"Banner\""
    },
    {
      "filePath": "\/Users\/iosnasmedia\/Project\/iOS-AdMixerMediation\/AdMixerMediationGAM\/Classes\/Utils\/Enum.swift",
      "kind": "StringLiteral",
      "offset": 534,
      "length": 8,
      "value": "\"Native\""
    },
    {
      "filePath": "\/Users\/iosnasmedia\/Project\/iOS-AdMixerMediation\/AdMixerMediationGAM\/Classes\/Utils\/Enum.swift",
      "kind": "StringLiteral",
      "offset": 560,
      "length": 7,
      "value": "\"Video\""
    },
    {
      "filePath": "\/Users\/iosnasmedia\/Project\/iOS-AdMixerMediation\/AdMixerMediationGAM\/Classes\/Utils\/Enum.swift",
      "kind": "StringLiteral",
      "offset": 507,
      "length": 8,
      "value": "\"Banner\""
    },
    {
      "filePath": "\/Users\/iosnasmedia\/Project\/iOS-AdMixerMediation\/AdMixerMediationGAM\/Classes\/Utils\/Enum.swift",
      "kind": "StringLiteral",
      "offset": 534,
      "length": 8,
      "value": "\"Native\""
    },
    {
      "filePath": "\/Users\/iosnasmedia\/Project\/iOS-AdMixerMediation\/AdMixerMediationGAM\/Classes\/Utils\/Enum.swift",
      "kind": "StringLiteral",
      "offset": 560,
      "length": 7,
      "value": "\"Video\""
    },
    {
      "filePath": "\/Users\/iosnasmedia\/Project\/iOS-AdMixerMediation\/AdMixerMediationGAM\/Classes\/UI\/Banner\/GAMBannerAd.swift",
      "kind": "StringLiteral",
      "offset": 54,
      "length": 11,
      "value": "\"AdMixerMediationGAM.GAMBannerAd\""
    },
    {
      "filePath": "\/Users\/iosnasmedia\/Project\/iOS-AdMixerMediation\/AdMixerMediationGAM\/Classes\/Utils\/Log.swift",
      "kind": "StringLiteral",
      "offset": 273,
      "length": 9,
      "value": "\"Network\""
    },
    {
      "filePath": "\/Users\/iosnasmedia\/Project\/iOS-AdMixerMediation\/AdMixerMediationGAM\/Classes\/Utils\/Log.swift",
      "kind": "StringLiteral",
      "offset": 345,
      "length": 7,
      "value": "\"Debug\""
    },
    {
      "filePath": "\/Users\/iosnasmedia\/Project\/iOS-AdMixerMediation\/AdMixerMediationGAM\/Classes\/Utils\/Log.swift",
      "kind": "StringLiteral",
      "offset": 414,
      "length": 6,
      "value": "\"Info\""
    },
    {
      "filePath": "\/Users\/iosnasmedia\/Project\/iOS-AdMixerMediation\/AdMixerMediationGAM\/Classes\/Utils\/Log.swift",
      "kind": "StringLiteral",
      "offset": 483,
      "length": 7,
      "value": "\"Error\""
    },
    {
      "filePath": "\/Users\/iosnasmedia\/Project\/iOS-AdMixerMediation\/AdMixerMediationGAM\/Classes\/Utils\/Log.swift",
      "kind": "BooleanLiteral",
      "offset": 537,
      "length": 4,
      "value": "true"
    },
    {
      "filePath": "\/Users\/iosnasmedia\/Project\/iOS-AdMixerMediation\/AdMixerMediationGAM\/Classes\/Utils\/MineType.swift",
      "kind": "StringLiteral",
      "offset": 52,
      "length": 26,
      "value": "\"application\/octet-stream\""
    },
    {
      "filePath": "\/Users\/iosnasmedia\/Project\/iOS-AdMixerMediation\/AdMixerMediationGAM\/Classes\/Utils\/MineType.swift",
      "kind": "Dictionary",
      "offset": 105,
      "length": 3223,
      "value": "[(\"html\", \"text\/html\"), (\"htm\", \"text\/html\"), (\"shtml\", \"text\/html\"), (\"css\", \"text\/css\"), (\"xml\", \"text\/xml\"), (\"gif\", \"image\/gif\"), (\"jpeg\", \"image\/jpeg\"), (\"jpg\", \"image\/jpeg\"), (\"js\", \"application\/javascript\"), (\"atom\", \"application\/atom+xml\"), (\"rss\", \"application\/rss+xml\"), (\"mml\", \"text\/mathml\"), (\"txt\", \"text\/plain\"), (\"jad\", \"text\/vnd.sun.j2me.app-descriptor\"), (\"wml\", \"text\/vnd.wap.wml\"), (\"htc\", \"text\/x-component\"), (\"png\", \"image\/png\"), (\"tif\", \"image\/tiff\"), (\"tiff\", \"image\/tiff\"), (\"wbmp\", \"image\/vnd.wap.wbmp\"), (\"ico\", \"image\/x-icon\"), (\"jng\", \"image\/x-jng\"), (\"bmp\", \"image\/x-ms-bmp\"), (\"svg\", \"image\/svg+xml\"), (\"svgz\", \"image\/svg+xml\"), (\"webp\", \"image\/webp\"), (\"woff\", \"application\/font-woff\"), (\"jar\", \"application\/java-archive\"), (\"war\", \"application\/java-archive\"), (\"ear\", \"application\/java-archive\"), (\"json\", \"application\/json\"), (\"hqx\", \"application\/mac-binhex40\"), (\"doc\", \"application\/msword\"), (\"pdf\", \"application\/pdf\"), (\"ps\", \"application\/postscript\"), (\"eps\", \"application\/postscript\"), (\"ai\", \"application\/postscript\"), (\"rtf\", \"application\/rtf\"), (\"m3u8\", \"application\/vnd.apple.mpegurl\"), (\"xls\", \"application\/vnd.ms-excel\"), (\"eot\", \"application\/vnd.ms-fontobject\"), (\"ppt\", \"application\/vnd.ms-powerpoint\"), (\"wmlc\", \"application\/vnd.wap.wmlc\"), (\"kml\", \"application\/vnd.google-earth.kml+xml\"), (\"kmz\", \"application\/vnd.google-earth.kmz\"), (\"7z\", \"application\/x-7z-compressed\"), (\"cco\", \"application\/x-cocoa\"), (\"jardiff\", \"application\/x-java-archive-diff\"), (\"jnlp\", \"application\/x-java-jnlp-file\"), (\"run\", \"application\/x-makeself\"), (\"pl\", \"application\/x-perl\"), (\"pm\", \"application\/x-perl\"), (\"prc\", \"application\/x-pilot\"), (\"pdb\", \"application\/x-pilot\"), (\"rar\", \"application\/x-rar-compressed\"), (\"rpm\", \"application\/x-redhat-package-manager\"), (\"sea\", \"application\/x-sea\"), (\"swf\", \"application\/x-shockwave-flash\"), (\"sit\", \"application\/x-stuffit\"), (\"tcl\", \"application\/x-tcl\"), (\"tk\", \"application\/x-tcl\"), (\"der\", \"application\/x-x509-ca-cert\"), (\"pem\", \"application\/x-x509-ca-cert\"), (\"crt\", \"application\/x-x509-ca-cert\"), (\"xpi\", \"application\/x-xpinstall\"), (\"xhtml\", \"application\/xhtml+xml\"), (\"xspf\", \"application\/xspf+xml\"), (\"zip\", \"application\/zip\"), (\"epub\", \"application\/epub+zip\"), (\"docx\", \"application\/vnd.openxmlformats-officedocument.wordprocessingml.document\"), (\"xlsx\", \"application\/vnd.openxmlformats-officedocument.spreadsheetml.sheet\"), (\"pptx\", \"application\/vnd.openxmlformats-officedocument.presentationml.presentation\"), (\"mid\", \"audio\/midi\"), (\"midi\", \"audio\/midi\"), (\"kar\", \"audio\/midi\"), (\"mp3\", \"audio\/mpeg\"), (\"ogg\", \"audio\/ogg\"), (\"m4a\", \"audio\/x-m4a\"), (\"ra\", \"audio\/x-realaudio\"), (\"3gpp\", \"video\/3gpp\"), (\"3gp\", \"video\/3gpp\"), (\"ts\", \"video\/mp2t\"), (\"mp4\", \"video\/mp4\"), (\"mpeg\", \"video\/mpeg\"), (\"mpg\", \"video\/mpeg\"), (\"mov\", \"video\/quicktime\"), (\"webm\", \"video\/webm\"), (\"flv\", \"video\/x-flv\"), (\"m4v\", \"video\/x-m4v\"), (\"mng\", \"video\/x-mng\"), (\"asx\", \"video\/x-ms-asf\"), (\"asf\", \"video\/x-ms-asf\"), (\"wmv\", \"video\/x-ms-wmv\"), (\"avi\", \"video\/x-msvideo\")]"
    }
  ]
}