{
  "ABIRoot": {
    "kind": "Root",
    "name": "AdMixerMediationPangle",
    "printedName": "AdMixerMediationPangle",
    "children": [
      {
        "kind": "Import",
        "name": "UIKit",
        "printedName": "UIKit",
        "declKind": "Import",
        "moduleName": "AdMixerMediationPangle",
        "declAttributes": [
          "RawDocComment"
        ]
      },
      {
        "kind": "Import",
        "name": "PAGAdSDK",
        "printedName": "PAGAdSDK",
        "declKind": "Import",
        "moduleName": "AdMixerMediationPangle"
      },
      {
        "kind": "Import",
        "name": "UIKit",
        "printedName": "UIKit",
        "declKind": "Import",
        "moduleName": "AdMixerMediationPangle",
        "declAttributes": [
          "RawDocComment"
        ]
      },
      {
        "kind": "Import",
        "name": "Foundation",
        "printedName": "Foundation",
        "declKind": "Import",
        "moduleName": "AdMixerMediationPangle"
      },
      {
        "kind": "Import",
        "name": "UIKit",
        "printedName": "UIKit",
        "declKind": "Import",
        "moduleName": "AdMixerMediationPangle"
      },
      {
        "kind": "Import",
        "name": "AdMixerMediation",
        "printedName": "AdMixerMediation",
        "declKind": "Import",
        "moduleName": "AdMixerMediationPangle"
      },
      {
        "kind": "TypeDecl",
        "name": "PangleAdapter",
        "printedName": "PangleAdapter",
        "children": [
          {
            "kind": "Function",
            "name": "loadBannerAd",
            "printedName": "loadBannerAd(bannerAdConfiguration:bannerHandler:)",
            "children": [
              {
                "kind": "TypeNominal",
                "name": "Void",
                "printedName": "()"
              },
              {
                "kind": "TypeNominal",
                "name": "BannerConfiguration",
                "printedName": "AdMixerMediation.BannerConfiguration",
                "usr": "s:16AdMixerMediation19BannerConfigurationC"
              },
              {
                "kind": "TypeNominal",
                "name": "BannerHandler",
                "printedName": "any AdMixerMediation.BannerHandler",
                "usr": "s:16AdMixerMediation13BannerHandlerP"
              }
            ],
            "declKind": "Func",
            "usr": "s:22AdMixerMediationPangle0D7AdapterC010loadBannerA006bannerA13Configuration0H7Handlery0abC00gI0C_AG0gJ0_ptF",
            "mangledName": "$s22AdMixerMediationPangle0D7AdapterC010loadBannerA006bannerA13Configuration0H7Handlery0abC00gI0C_AG0gJ0_ptF",
            "moduleName": "AdMixerMediationPangle",
            "overriding": true,
            "declAttributes": [
              "Override",
              "AccessControl"
            ],
            "funcSelfKind": "NonMutating"
          },
          {
            "kind": "Function",
            "name": "loadInterstitialAd",
            "printedName": "loadInterstitialAd(bannerAdConfiguration:interstitialHandler:)",
            "children": [
              {
                "kind": "TypeNominal",
                "name": "Void",
                "printedName": "()"
              },
              {
                "kind": "TypeNominal",
                "name": "BannerConfiguration",
                "printedName": "AdMixerMediation.BannerConfiguration",
                "usr": "s:16AdMixerMediation19BannerConfigurationC"
              },
              {
                "kind": "TypeNominal",
                "name": "InterstitialHandler",
                "printedName": "any AdMixerMediation.InterstitialHandler",
                "usr": "s:16AdMixerMediation19InterstitialHandlerP"
              }
            ],
            "declKind": "Func",
            "usr": "s:22AdMixerMediationPangle0D7AdapterC016loadInterstitialA006bannerA13Configuration19interstitialHandlery0abC006BannerI0C_AG0gK0_ptF",
            "mangledName": "$s22AdMixerMediationPangle0D7AdapterC016loadInterstitialA006bannerA13Configuration19interstitialHandlery0abC006BannerI0C_AG0gK0_ptF",
            "moduleName": "AdMixerMediationPangle",
            "overriding": true,
            "declAttributes": [
              "Override",
              "AccessControl"
            ],
            "funcSelfKind": "NonMutating"
          },
          {
            "kind": "Function",
            "name": "loadRewardAd",
            "printedName": "loadRewardAd(rewardConfiguration:rewardHandler:)",
            "children": [
              {
                "kind": "TypeNominal",
                "name": "Void",
                "printedName": "()"
              },
              {
                "kind": "TypeNominal",
                "name": "RewardConfiguration",
                "printedName": "AdMixerMediation.RewardConfiguration",
                "usr": "s:16AdMixerMediation19RewardConfigurationC"
              },
              {
                "kind": "TypeNominal",
                "name": "RewardHandler",
                "printedName": "any AdMixerMediation.RewardHandler",
                "usr": "s:16AdMixerMediation13RewardHandlerP"
              }
            ],
            "declKind": "Func",
            "usr": "s:22AdMixerMediationPangle0D7AdapterC010loadRewardA019rewardConfiguration0H7Handlery0abC00gI0C_AG0gJ0_ptF",
            "mangledName": "$s22AdMixerMediationPangle0D7AdapterC010loadRewardA019rewardConfiguration0H7Handlery0abC00gI0C_AG0gJ0_ptF",
            "moduleName": "AdMixerMediationPangle",
            "overriding": true,
            "declAttributes": [
              "Override",
              "AccessControl"
            ],
            "funcSelfKind": "NonMutating"
          },
          {
            "kind": "Function",
            "name": "loadNativeAd",
            "printedName": "loadNativeAd(nativeConfiguration:nativeHandler:)",
            "children": [
              {
                "kind": "TypeNominal",
                "name": "Void",
                "printedName": "()"
              },
              {
                "kind": "TypeNominal",
                "name": "NativeConfiguration",
                "printedName": "AdMixerMediation.NativeConfiguration",
                "usr": "s:16AdMixerMediation19NativeConfigurationC"
              },
              {
                "kind": "TypeNominal",
                "name": "NativeHandler",
                "printedName": "any AdMixerMediation.NativeHandler",
                "usr": "s:16AdMixerMediation13NativeHandlerP"
              }
            ],
            "declKind": "Func",
            "usr": "s:22AdMixerMediationPangle0D7AdapterC010loadNativeA019nativeConfiguration0H7Handlery0abC00gI0C_AG0gJ0_ptF",
            "mangledName": "$s22AdMixerMediationPangle0D7AdapterC010loadNativeA019nativeConfiguration0H7Handlery0abC00gI0C_AG0gJ0_ptF",
            "moduleName": "AdMixerMediationPangle",
            "overriding": true,
            "declAttributes": [
              "Override",
              "AccessControl"
            ],
            "funcSelfKind": "NonMutating"
          },
          {
            "kind": "Constructor",
            "name": "init",
            "printedName": "init()",
            "children": [
              {
                "kind": "TypeNominal",
                "name": "PangleAdapter",
                "printedName": "AdMixerMediationPangle.PangleAdapter",
                "usr": "c:@M@AdMixerMediationPangle@objc(cs)PangleAdapter"
              }
            ],
            "declKind": "Constructor",
            "usr": "c:@M@AdMixerMediationPangle@objc(cs)PangleAdapter(im)init",
            "mangledName": "$s22AdMixerMediationPangle0D7AdapterCACycfc",
            "moduleName": "AdMixerMediationPangle",
            "overriding": true,
            "implicit": true,
            "objc_name": "init",
            "declAttributes": [
              "Dynamic",
              "ObjC",
              "Required"
            ],
            "init_kind": "Designated"
          }
        ],
        "declKind": "Class",
        "usr": "c:@M@AdMixerMediationPangle@objc(cs)PangleAdapter",
        "mangledName": "$s22AdMixerMediationPangle0D7AdapterC",
        "moduleName": "AdMixerMediationPangle",
        "declAttributes": [
          "AccessControl",
          "ObjC"
        ],
        "superclassUsr": "c:@M@AdMixerMediation@objc(cs)Adapter",
        "inheritsConvenienceInitializers": true,
        "superclassNames": [
          "AdMixerMediation.Adapter",
          "ObjectiveC.NSObject"
        ],
        "conformances": [
          {
            "kind": "Conformance",
            "name": "Copyable",
            "printedName": "Copyable",
            "usr": "s:s8CopyableP",
            "mangledName": "$ss8CopyableP"
          },
          {
            "kind": "Conformance",
            "name": "Escapable",
            "printedName": "Escapable",
            "usr": "s:s9EscapableP",
            "mangledName": "$ss9EscapableP"
          },
          {
            "kind": "Conformance",
            "name": "Equatable",
            "printedName": "Equatable",
            "usr": "s:SQ",
            "mangledName": "$sSQ"
          },
          {
            "kind": "Conformance",
            "name": "Hashable",
            "printedName": "Hashable",
            "usr": "s:SH",
            "mangledName": "$sSH"
          },
          {
            "kind": "Conformance",
            "name": "CVarArg",
            "printedName": "CVarArg",
            "usr": "s:s7CVarArgP",
            "mangledName": "$ss7CVarArgP"
          },
          {
            "kind": "Conformance",
            "name": "_KeyValueCodingAndObservingPublishing",
            "printedName": "_KeyValueCodingAndObservingPublishing",
            "usr": "s:10Foundation37_KeyValueCodingAndObservingPublishingP",
            "mangledName": "$s10Foundation37_KeyValueCodingAndObservingPublishingP"
          },
          {
            "kind": "Conformance",
            "name": "_KeyValueCodingAndObserving",
            "printedName": "_KeyValueCodingAndObserving",
            "usr": "s:10Foundation27_KeyValueCodingAndObservingP",
            "mangledName": "$s10Foundation27_KeyValueCodingAndObservingP"
          },
          {
            "kind": "Conformance",
            "name": "CustomStringConvertible",
            "printedName": "CustomStringConvertible",
            "usr": "s:s23CustomStringConvertibleP",
            "mangledName": "$ss23CustomStringConvertibleP"
          },
          {
            "kind": "Conformance",
            "name": "CustomDebugStringConvertible",
            "printedName": "CustomDebugStringConvertible",
            "usr": "s:s28CustomDebugStringConvertibleP",
            "mangledName": "$ss28CustomDebugStringConvertibleP"
          }
        ]
      },
      {
        "kind": "Import",
        "name": "AdMixerMediation",
        "printedName": "AdMixerMediation",
        "declKind": "Import",
        "moduleName": "AdMixerMediationPangle",
        "declAttributes": [
          "RawDocComment"
        ]
      },
      {
        "kind": "Import",
        "name": "PAGAdSDK",
        "printedName": "PAGAdSDK",
        "declKind": "Import",
        "moduleName": "AdMixerMediationPangle"
      },
      {
        "kind": "Import",
        "name": "AdMixerMediation",
        "printedName": "AdMixerMediation",
        "declKind": "Import",
        "moduleName": "AdMixerMediationPangle",
        "declAttributes": [
          "RawDocComment"
        ]
      },
      {
        "kind": "Import",
        "name": "PAGAdSDK",
        "printedName": "PAGAdSDK",
        "declKind": "Import",
        "moduleName": "AdMixerMediationPangle"
      },
      {
        "kind": "Import",
        "name": "AdMixerMediation",
        "printedName": "AdMixerMediation",
        "declKind": "Import",
        "moduleName": "AdMixerMediationPangle",
        "declAttributes": [
          "RawDocComment"
        ]
      },
      {
        "kind": "Import",
        "name": "PAGAdSDK",
        "printedName": "PAGAdSDK",
        "declKind": "Import",
        "moduleName": "AdMixerMediationPangle"
      },
      {
        "kind": "Import",
        "name": "AdMixerMediation",
        "printedName": "AdMixerMediation",
        "declKind": "Import",
        "moduleName": "AdMixerMediationPangle",
        "declAttributes": [
          "RawDocComment"
        ]
      },
      {
        "kind": "Import",
        "name": "PAGAdSDK",
        "printedName": "PAGAdSDK",
        "declKind": "Import",
        "moduleName": "AdMixerMediationPangle"
      }
    ],
    "json_format_version": 8
  },
  "ConstValues": []
}