{
  "ABIRoot": {
    "kind": "Root",
    "name": "AdMixerMediationUnityAds",
    "printedName": "AdMixerMediationUnityAds",
    "children": [
      {
        "kind": "Import",
        "name": "UIKit",
        "printedName": "UIKit",
        "declKind": "Import",
        "moduleName": "AdMixerMediationUnityAds"
      },
      {
        "kind": "Import",
        "name": "AdMixerMediation",
        "printedName": "AdMixerMediation",
        "declKind": "Import",
        "moduleName": "AdMixerMediationUnityAds"
      },
      {
        "kind": "TypeDecl",
        "name": "UnityAdsAdapter",
        "printedName": "UnityAdsAdapter",
        "children": [
          {
            "kind": "Function",
            "name": "loadBannerAd",
            "printedName": "loadBannerAd(bannerAdConfiguration:bannerHandler:)",
            "children": [
              {
                "kind": "TypeNominal",
                "name": "Void",
                "printedName": "()"
              },
              {
                "kind": "TypeNominal",
                "name": "BannerConfiguration",
                "printedName": "AdMixerMediation.BannerConfiguration",
                "usr": "s:16AdMixerMediation19BannerConfigurationC"
              },
              {
                "kind": "TypeNominal",
                "name": "BannerHandler",
                "printedName": "any AdMixerMediation.BannerHandler",
                "usr": "s:16AdMixerMediation13BannerHandlerP"
              }
            ],
            "declKind": "Func",
            "usr": "s:24AdMixerMediationUnityAds0dE7AdapterC010loadBannerA006bannerA13Configuration0I7Handlery0abC00hJ0C_AG0hK0_ptF",
            "mangledName": "$s24AdMixerMediationUnityAds0dE7AdapterC010loadBannerA006bannerA13Configuration0I7Handlery0abC00hJ0C_AG0hK0_ptF",
            "moduleName": "AdMixerMediationUnityAds",
            "overriding": true,
            "declAttributes": [
              "Override",
              "AccessControl"
            ],
            "funcSelfKind": "NonMutating"
          },
          {
            "kind": "Function",
            "name": "loadInterstitialAd",
            "printedName": "loadInterstitialAd(bannerAdConfiguration:interstitialHandler:)",
            "children": [
              {
                "kind": "TypeNominal",
                "name": "Void",
                "printedName": "()"
              },
              {
                "kind": "TypeNominal",
                "name": "BannerConfiguration",
                "printedName": "AdMixerMediation.BannerConfiguration",
                "usr": "s:16AdMixerMediation19BannerConfigurationC"
              },
              {
                "kind": "TypeNominal",
                "name": "InterstitialHandler",
                "printedName": "any AdMixerMediation.InterstitialHandler",
                "usr": "s:16AdMixerMediation19InterstitialHandlerP"
              }
            ],
            "declKind": "Func",
            "usr": "s:24AdMixerMediationUnityAds0dE7AdapterC016loadInterstitialA006bannerA13Configuration19interstitialHandlery0abC006BannerJ0C_AG0hL0_ptF",
            "mangledName": "$s24AdMixerMediationUnityAds0dE7AdapterC016loadInterstitialA006bannerA13Configuration19interstitialHandlery0abC006BannerJ0C_AG0hL0_ptF",
            "moduleName": "AdMixerMediationUnityAds",
            "overriding": true,
            "declAttributes": [
              "Override",
              "AccessControl"
            ],
            "funcSelfKind": "NonMutating"
          },
          {
            "kind": "Function",
            "name": "loadRewardAd",
            "printedName": "loadRewardAd(rewardConfiguration:rewardHandler:)",
            "children": [
              {
                "kind": "TypeNominal",
                "name": "Void",
                "printedName": "()"
              },
              {
                "kind": "TypeNominal",
                "name": "RewardConfiguration",
                "printedName": "AdMixerMediation.RewardConfiguration",
                "usr": "s:16AdMixerMediation19RewardConfigurationC"
              },
              {
                "kind": "TypeNominal",
                "name": "RewardHandler",
                "printedName": "any AdMixerMediation.RewardHandler",
                "usr": "s:16AdMixerMediation13RewardHandlerP"
              }
            ],
            "declKind": "Func",
            "usr": "s:24AdMixerMediationUnityAds0dE7AdapterC010loadRewardA019rewardConfiguration0I7Handlery0abC00hJ0C_AG0hK0_ptF",
            "mangledName": "$s24AdMixerMediationUnityAds0dE7AdapterC010loadRewardA019rewardConfiguration0I7Handlery0abC00hJ0C_AG0hK0_ptF",
            "moduleName": "AdMixerMediationUnityAds",
            "overriding": true,
            "declAttributes": [
              "Override",
              "AccessControl"
            ],
            "funcSelfKind": "NonMutating"
          },
          {
            "kind": "Constructor",
            "name": "init",
            "printedName": "init()",
            "children": [
              {
                "kind": "TypeNominal",
                "name": "UnityAdsAdapter",
                "printedName": "AdMixerMediationUnityAds.UnityAdsAdapter",
                "usr": "c:@M@AdMixerMediationUnityAds@objc(cs)UnityAdsAdapter"
              }
            ],
            "declKind": "Constructor",
            "usr": "c:@M@AdMixerMediationUnityAds@objc(cs)UnityAdsAdapter(im)init",
            "mangledName": "$s24AdMixerMediationUnityAds0dE7AdapterCACycfc",
            "moduleName": "AdMixerMediationUnityAds",
            "overriding": true,
            "implicit": true,
            "objc_name": "init",
            "declAttributes": [
              "Dynamic",
              "ObjC",
              "Required"
            ],
            "init_kind": "Designated"
          }
        ],
        "declKind": "Class",
        "usr": "c:@M@AdMixerMediationUnityAds@objc(cs)UnityAdsAdapter",
        "mangledName": "$s24AdMixerMediationUnityAds0dE7AdapterC",
        "moduleName": "AdMixerMediationUnityAds",
        "declAttributes": [
          "AccessControl",
          "ObjC"
        ],
        "superclassUsr": "c:@M@AdMixerMediation@objc(cs)Adapter",
        "inheritsConvenienceInitializers": true,
        "superclassNames": [
          "AdMixerMediation.Adapter",
          "ObjectiveC.NSObject"
        ],
        "conformances": [
          {
            "kind": "Conformance",
            "name": "Copyable",
            "printedName": "Copyable",
            "usr": "s:s8CopyableP",
            "mangledName": "$ss8CopyableP"
          },
          {
            "kind": "Conformance",
            "name": "Escapable",
            "printedName": "Escapable",
            "usr": "s:s9EscapableP",
            "mangledName": "$ss9EscapableP"
          },
          {
            "kind": "Conformance",
            "name": "Equatable",
            "printedName": "Equatable",
            "usr": "s:SQ",
            "mangledName": "$sSQ"
          },
          {
            "kind": "Conformance",
            "name": "Hashable",
            "printedName": "Hashable",
            "usr": "s:SH",
            "mangledName": "$sSH"
          },
          {
            "kind": "Conformance",
            "name": "CVarArg",
            "printedName": "CVarArg",
            "usr": "s:s7CVarArgP",
            "mangledName": "$ss7CVarArgP"
          },
          {
            "kind": "Conformance",
            "name": "_KeyValueCodingAndObservingPublishing",
            "printedName": "_KeyValueCodingAndObservingPublishing",
            "usr": "s:10Foundation37_KeyValueCodingAndObservingPublishingP",
            "mangledName": "$s10Foundation37_KeyValueCodingAndObservingPublishingP"
          },
          {
            "kind": "Conformance",
            "name": "_KeyValueCodingAndObserving",
            "printedName": "_KeyValueCodingAndObserving",
            "usr": "s:10Foundation27_KeyValueCodingAndObservingP",
            "mangledName": "$s10Foundation27_KeyValueCodingAndObservingP"
          },
          {
            "kind": "Conformance",
            "name": "CustomStringConvertible",
            "printedName": "CustomStringConvertible",
            "usr": "s:s23CustomStringConvertibleP",
            "mangledName": "$ss23CustomStringConvertibleP"
          },
          {
            "kind": "Conformance",
            "name": "CustomDebugStringConvertible",
            "printedName": "CustomDebugStringConvertible",
            "usr": "s:s28CustomDebugStringConvertibleP",
            "mangledName": "$ss28CustomDebugStringConvertibleP"
          }
        ]
      },
      {
        "kind": "Import",
        "name": "AdMixerMediation",
        "printedName": "AdMixerMediation",
        "declKind": "Import",
        "moduleName": "AdMixerMediationUnityAds",
        "declAttributes": [
          "RawDocComment"
        ]
      },
      {
        "kind": "Import",
        "name": "UnityAds",
        "printedName": "UnityAds",
        "declKind": "Import",
        "moduleName": "AdMixerMediationUnityAds"
      },
      {
        "kind": "Import",
        "name": "AdMixerMediation",
        "printedName": "AdMixerMediation",
        "declKind": "Import",
        "moduleName": "AdMixerMediationUnityAds",
        "declAttributes": [
          "RawDocComment"
        ]
      },
      {
        "kind": "Import",
        "name": "UnityAds",
        "printedName": "UnityAds",
        "declKind": "Import",
        "moduleName": "AdMixerMediationUnityAds"
      },
      {
        "kind": "Import",
        "name": "AdMixerMediation",
        "printedName": "AdMixerMediation",
        "declKind": "Import",
        "moduleName": "AdMixerMediationUnityAds",
        "declAttributes": [
          "RawDocComment"
        ]
      },
      {
        "kind": "Import",
        "name": "UnityAds",
        "printedName": "UnityAds",
        "declKind": "Import",
        "moduleName": "AdMixerMediationUnityAds"
      }
    ],
    "json_format_version": 8
  },
  "ConstValues": []
}